a0,b0,VLL,ELBO,ARI,CL,BIC
836.4018078,1763.668576,-217760.9527,1.78545E+13,0.562832162,2,5054512.207
1315.379224,1892.546711,-229019.8967,1.78545E+13,0.562832162,2,5077030.095
853.5129177,1979.316085,-217858.8639,1.78545E+13,0.562832162,2,5054708.03
1864.765137,663.2042282,-300277.9923,1.78545E+13,0.562832162,2,5219546.286
1406.380593,702.5427041,-150452.0796,1.22466E+13,1,3,7229391.914
950.1872855,685.1718262,-231372.1404,1.78545E+13,0.562832162,2,5081734.583
1832.21456,670.3625534,-296934.6056,1.78545E+13,0.562832162,2,5212859.513
424.0489445,1140.450866,-174124.1883,1.22466E+13,1,3,7276736.132
1123.0225,1596.038828,-225639.7137,1.78545E+13,0.445780022,3,7379767.183
1736.736158,738.7765028,-284014.101,1.78545E+13,0.562832162,2,5187018.504
238.5187896,1294.902721,-224855.163,1.78545E+13,0.562832162,2,5068700.628
736.2399236,912.2031219,-217885.1684,1.78545E+13,0.562832162,2,5054760.639
1041.354869,680.0024818,-149070.363,1.22466E+13,1,3,7226628.481
871.6957236,527.1505301,-231539.6516,1.78545E+13,0.562832162,2,5082069.605
789.1544924,844.8305085,-220420.691,1.78545E+13,0.562832162,2,5059831.684
450.6407169,1590.92954,-217397.8871,1.78545E+13,0.562832162,2,5053786.076
1555.966711,1722.125355,-240047.3141,1.78545E+13,0.562832162,2,5099084.93
518.4985086,1048.916815,-213426.5842,1.78545E+13,0.562832162,2,5045843.47
655.4645182,1470.202399,-215508.211,1.78545E+13,0.562832162,2,5050006.724
16.82075505,1036.489629,-268539.8061,1.22466E+13,1,3,7465567.367
1623.477414,1927.895689,-239373.5816,1.78545E+13,0.548412007,3,7407234.918
202.0538605,616.1958891,-216847.1923,1.78545E+13,0.562832162,2,5052684.686
1979.768755,1359.906539,-146030.6726,1.22466E+13,1,3,7220549.1
111.6488276,1835.806347,-238003.1809,1.22466E+13,1,3,7404494.117
1283.377417,647.5308934,-255161.2036,1.78545E+13,0.562832162,2,5129312.709
553.8281383,1484.289049,-215360.6851,1.78545E+13,0.562832162,2,5049711.672
248.3304571,315.9987224,-167967.9104,1.22466E+13,1,3,7264423.576
417.6855162,560.5485838,-210626.2059,1.78545E+13,0.562832162,2,5040242.713
240.532836,1368.061008,-225650.5688,1.78545E+13,0.562832162,2,5070291.439
1447.401147,1826.675682,-234296.1669,1.78545E+13,0.562832162,2,5087582.636
352.7135452,1593.71477,-189803.0207,1.22466E+13,1,3,7308093.796
1742.297347,1717.622448,-248086.9032,1.78545E+13,0.562832162,2,5115164.108
110.0699973,1651.168829,-234743.6042,1.22466E+13,1,3,7397974.964
379.3171501,256.2475662,-211824.4115,1.78545E+13,0.562832162,2,5042639.125
1931.907836,1062.344926,-148357.7985,1.22466E+13,1,3,7225203.352
1666.805299,328.8053411,-326200.3641,1.78545E+13,0.470604253,3,7580888.483
775.791202,1203.231868,-217662.5485,1.78545E+13,0.562832162,2,5054315.399
1215.368407,814.144429,-148036.5004,1.22466E+13,1,3,7224560.756
884.9891369,386.993445,-239876.0627,1.78545E+13,0.562832162,2,5098742.427
1527.136087,158.983936,-379194.2015,1.78545E+13,0.562832162,2,5377378.705
518.3265432,283.5869971,-218508.9054,1.78545E+13,0.562832162,2,5056008.112
1647.272042,1351.799184,-252134.8354,1.78545E+13,0.562832162,2,5123259.972
1571.168019,144.1015623,-399371.0652,1.78545E+13,0.562832162,2,5417732.432
645.3083421,1075.436341,-214985.8407,1.78545E+13,0.562832162,2,5048961.983
759.4549703,211.6589463,-248204.4043,1.78545E+13,0.562832162,2,5115399.11
319.4853996,1247.73318,-218869.8949,1.78545E+13,0.562832162,2,5056730.092
1502.502281,495.8741334,-284559.6196,1.78545E+13,0.562832162,2,5188109.541
49.00615516,1102.350054,-247009.1518,1.22466E+13,1,3,7422506.059
1096.589264,1761.849403,-223483.689,1.78545E+13,0.562832162,2,5065957.68
1959.805833,880.9840947,-291404.0111,1.78545E+13,0.562832162,2,5201798.324
69.29871909,741.2046085,-241723.2167,1.78545E+13,0.562832162,2,5102436.735
686.9766539,1345.317761,-215697.3098,1.78545E+13,0.562832162,2,5050384.921
415.2077253,32.35765907,-246460.4046,1.22466E+13,1,3,7421408.564
1307.58425,1502.03162,-233336.0434,1.78545E+13,0.562832162,2,5085662.389
758.6712087,869.249208,-153324.431,1.22466E+13,1,3,7235136.617
617.6046069,1597.229474,-215686.7763,1.78545E+13,0.562832162,2,5050363.854
1038.958902,693.51931,-236174.5938,1.78545E+13,0.521953836,3,7400836.943
264.6499622,154.0507442,-211543.4454,1.78545E+13,0.562832162,2,5042077.193
1587.496967,1542.94698,-244729.5231,1.78545E+13,0.562832162,2,5108449.348
526.6902298,1435.831387,-215278.3072,1.78545E+13,0.562832162,2,5049546.916
1248.318548,177.0641377,-324098.8039,1.78545E+13,0.562832162,2,5267187.909
1328.080709,740.5602556,-253800.8339,1.78545E+13,0.562832162,2,5126591.969
1838.962759,1113.867524,-271120.656,1.78545E+13,0.562832162,2,5161231.614
379.0392366,719.4173518,-167899.7997,1.22466E+13,1,3,7264287.355
1174.042327,670.1059136,-246276.3161,1.78545E+13,0.562832162,2,5111542.934
458.1470962,667.7001666,-211456.1393,1.78545E+13,0.562832162,2,5041902.58
878.6715698,1632.638509,-218740.8038,1.78545E+13,0.562832162,2,5056471.909
291.0762471,1774.930337,-200484.8015,1.22466E+13,1,3,7329457.358
1152.25582,1976.29425,-223660.4637,1.78545E+13,0.562832162,2,5066311.229
1845.371129,1411.944759,-260816.5083,1.78545E+13,0.562832162,2,5140623.318
876.2788589,1461.248302,-219234.7191,1.78545E+13,0.562832162,2,5057459.74
1605.331073,1007.593515,-260854.3214,1.78545E+13,0.562832162,2,5140698.945
756.6814763,355.8104315,-231679.9947,1.78545E+13,0.562832162,2,5082350.291
1405.683723,600.9908757,-267396.3407,1.78545E+13,0.562832162,2,5153782.983
1875.502157,569.8158092,-310543.2662,1.78545E+13,0.562832162,2,5240076.834
1502.448223,524.1595808,-281761.062,1.78545E+13,0.562832162,2,5182512.426
362.5094542,156.353894,-217415.7594,1.78545E+13,0.562832162,2,5053821.821
510.7898694,964.7344102,-213040.4897,1.78545E+13,0.562832162,2,5045071.281
1564.588784,754.7501615,-269991.4845,1.78545E+13,0.562832162,2,5158973.271
758.945958,544.7114672,-223979.6684,1.78545E+13,0.562832162,2,5066949.639
855.5194241,1190.125509,-219994.2543,1.78545E+13,0.562832162,2,5058978.81
920.2192525,666.577753,-149583.9761,1.22466E+13,1,3,7227655.707
116.9790169,1596.16579,-231376.6277,1.22466E+13,1,3,7391241.011
84.58700947,1686.407793,-244659.6293,1.22466E+13,1,3,7417807.014
650.1357497,751.7523455,-216000.724,1.78545E+13,0.562832162,2,5050991.75
1898.423202,1840.938392,-252358.7929,1.78545E+13,0.562832162,2,5123707.888
588.7665443,1741.936795,-216310.9797,1.78545E+13,0.562832162,2,5051612.261
1288.170236,1697.576586,-230120.206,1.78545E+13,0.562832162,2,5079230.714
268.4094376,1036.488275,-187524.8673,1.22466E+13,1,3,7303537.49
1175.527836,689.4268581,-245563.6399,1.78545E+13,0.562832162,2,5110117.581
1220.284804,19.31366871,-635697.6697,1.22466E+13,1,3,8199883.095
782.1919413,663.2486662,-222646.9995,1.78545E+13,0.562832162,2,5064284.301
1942.089518,1154.381246,-275803.4411,1.78545E+13,0.562832162,2,5170597.184
1662.761883,646.6816068,-284888.3517,1.78545E+13,0.562832162,2,5188767.005
282.0701188,577.2406187,-211813.9845,1.78545E+13,0.562832162,2,5042618.271
133.5635987,1353.664035,-221015.7927,1.22466E+13,1,3,7370519.341
27.2161431,945.0388261,-256561.3275,1.22466E+13,1,3,7441610.41
1271.569935,986.2423891,-241707.2044,1.78545E+13,0.562832162,2,5102404.711
1772.373934,1902.189529,-245779.691,1.78545E+13,0.562832162,2,5110549.684
677.4788187,1736.218504,-216200.6676,1.78545E+13,0.562832162,2,5051391.637
1229.831776,603.8878677,-253537.8378,1.78545E+13,0.562832162,2,5126065.977
1440.948274,981.2706997,-251709.6062,1.78545E+13,0.562832162,2,5122409.514
1906.90504,493.5625366,-323163.1644,1.78545E+13,0.562832162,2,5265316.63
1488.841621,1805.982352,-149258.2865,1.22466E+13,1,3,7227004.328
209.5515772,86.6386385,-216390.4716,1.78545E+13,0.562832162,2,5051771.245
835.2367378,620.2781277,-226413.1518,1.78545E+13,0.562832162,2,5071816.605
271.2085705,338.3966527,-166478.308,1.22466E+13,1,3,7261444.371
583.5553342,1392.059604,-214945.2687,1.78545E+13,0.562832162,2,5048880.839
1492.265924,49.87644215,-584368.3942,1.78545E+13,0.548412007,3,8097224.544
1074.970216,154.5457186,-309597.1915,1.78545E+13,0.562832162,2,5238184.685
540.1412968,110.7971415,-249286.1074,1.78545E+13,0.562832162,2,5117562.516
351.8200646,1602.117107,-220953.5353,1.78545E+13,0.562832162,2,5060897.372
1109.74293,1606.197231,-225003.1635,1.78545E+13,0.562832162,2,5068996.629
503.0363232,1654.246872,-177940.9361,1.22466E+13,1,3,7284369.627
601.141796,1913.761352,-175750.0277,1.22466E+13,1,3,7279987.81
1488.940636,1299.984569,-245356.0487,1.78545E+13,0.562832162,2,5109702.399
171.0331532,138.2266158,-210497.3197,1.78545E+13,0.562832162,2,5039984.941
799.8087447,131.619677,-279007.0915,1.78545E+13,0.562832162,2,5177004.485
1633.009597,1543.575605,-246813.9441,1.78545E+13,0.562832162,2,5112618.19
583.3911347,1994.023996,-217477.7584,1.78545E+13,0.562832162,2,5053945.818
530.9429464,1737.119224,-177399.8196,1.22466E+13,1,3,7283287.394
475.7451907,687.8221575,-211746.7054,1.78545E+13,0.562832162,2,5042483.712
195.935478,450.8165212,-213823.6333,1.78545E+13,0.562832162,2,5046637.568
408.6338644,284.7224412,-212268.789,1.78545E+13,0.562832162,2,5043527.88
416.4294062,1768.207851,-186755.799,1.22466E+13,1,3,7301999.353
1200.669244,830.5873604,-242095.7212,1.78545E+13,0.562832162,2,5103181.744
1390.183342,1893.297397,-231482.2731,1.78545E+13,0.562832162,2,5081954.848
1275.095342,1612.042248,-150640.2577,1.22466E+13,1,3,7229768.271
1533.005526,1273.248185,-146508.1988,1.22466E+13,1,3,7221504.153
819.8297998,1597.417749,-161215.3269,1.22466E+13,1,3,7250918.409
1163.045435,202.4782841,-301121.5708,1.78545E+13,0.562832162,2,5221233.443
1658.958728,727.5804487,-278764.3495,1.78545E+13,0.562832162,2,5176519.001
392.4699081,659.2757774,-211026.4142,1.78545E+13,0.562832162,2,5041043.13
706.0854185,707.499003,-218496.6766,1.78545E+13,0.562832162,2,5055983.655
350.1785158,479.8987541,-209773.1308,1.78545E+13,0.562832162,2,5038536.563
1239.050314,1349.341989,-232749.4658,1.78545E+13,0.562832162,2,5084489.233
304.5528994,869.5831098,-178763.915,1.22466E+13,1,3,7286015.585
112.9763835,1069.148525,-219459.6238,1.22466E+13,1,3,7367407.003
1136.844756,1520.510246,-226673.1819,1.78545E+13,0.562832162,2,5072336.666
1251.213297,1431.312687,-149568.9198,1.22466E+13,1,3,7227625.595
200.4555921,1915.40796,-217513.5484,1.22466E+13,1,3,7363514.852
243.5270678,1946.235353,-210494.9758,1.22466E+13,1,3,7349477.707
1585.386123,488.6208027,-292993.8817,1.78545E+13,0.562832162,2,5204978.065
994.8671955,1942.208011,-220203.9005,1.78545E+13,0.562832162,2,5059398.103
179.42924,633.2818617,-219259.1732,1.78545E+13,0.562832162,2,5057508.648
1323.4581,1525.168541,-233644.2907,1.78545E+13,0.562832162,2,5086278.883
1663.480721,1515.11138,-146387.841,1.22466E+13,1,3,7221263.437
190.7326685,163.3087123,-209776.4312,1.78545E+13,0.562832162,2,5038543.164
957.9128194,644.6326363,-233028.555,1.78545E+13,0.562832162,2,5085047.412
658.297377,1652.33446,-215930.7972,1.78545E+13,0.562832162,2,5050851.896
205.0808441,969.417013,-223067.9437,1.78545E+13,0.562832162,2,5065126.189
1547.133916,1255.614462,-249472.1695,1.78545E+13,0.562832162,2,5117934.641
1714.945929,1492.196814,-146112.2664,1.22466E+13,1,3,7220712.288
1512.480253,526.5732622,-282420.4172,1.78545E+13,0.562832162,2,5183831.136
6.600672098,928.8981138,-275872.4192,1.22466E+13,1,3,7480232.594
1692.769484,1609.597326,-146509.7679,1.22466E+13,1,3,7221507.291
317.5912255,300.3142327,-209138.9207,1.78545E+13,0.562832162,2,5037268.143
1033.505766,653.815265,-237511.9245,1.78545E+13,0.562832162,2,5094014.151
413.5377591,530.6468912,-210489.1195,1.78545E+13,0.562832162,2,5039968.541
1955.707148,1758.262581,-256853.8438,1.78545E+13,0.562832162,2,5132697.989
1945.5379,1658.646995,-258905.1396,1.78545E+13,0.562832162,2,5136800.581
1316.693657,222.512644,-314570.6007,1.78545E+13,0.562832162,2,5248131.503
1527.032133,1377.662421,-146740.2899,1.22466E+13,1,3,7221968.335
1532.243275,322.8083401,-313419.1988,1.78545E+13,0.562832162,2,5245828.699
144.4459573,1847.436155,-228750.1456,1.22466E+13,1,3,7385988.046
511.195855,715.8903288,-212376.1456,1.78545E+13,0.562832162,2,5043742.593
732.6855863,1686.94796,-165839.6451,1.22466E+13,1,3,7260167.045
1977.188959,225.9405972,-404895.3439,1.78545E+13,0.562832162,2,5428780.99
1392.92185,1993.194418,-230520.5564,1.78545E+13,0.562832162,2,5080031.414
1390.302465,909.2794378,-147516.5798,1.22466E+13,1,3,7223520.915
1390.989081,1764.630068,-233023.3592,1.78545E+13,0.562832162,2,5085037.02
1535.929112,739.5863781,-268744.7342,1.78545E+13,0.562832162,2,5156479.77
1508.757925,476.3513734,-287225.6991,1.78545E+13,0.562832162,2,5193441.7
1138.343858,590.16695,-247468.5138,1.78545E+13,0.562832162,2,5113927.329
1286.222734,797.7055749,-248616.4014,1.78545E+13,0.562832162,2,5116223.105
93.37824035,1267.554914,-231475.3255,1.22466E+13,1,3,7391438.406
1767.540191,1007.101072,-271247.4197,1.78545E+13,0.562832162,2,5161485.141
932.0723292,500.7028993,-236854.517,1.78545E+13,0.562832162,2,5092699.336
554.0827841,526.9243311,-214292.3533,1.78545E+13,0.562832162,2,5047575.008
1497.137005,159.6080787,-373793.4247,1.78545E+13,0.562832162,2,5366577.151
366.4852995,1569.625349,-219982.0043,1.78545E+13,0.562832162,2,5058954.31
207.6583651,312.6682396,-210340.0151,1.78545E+13,0.562832162,2,5039670.332
1445.87672,585.9245352,-271740.3945,1.78545E+13,0.562832162,2,5162471.091
1942.330995,126.2425789,-489224.4942,1.78545E+13,0.562832162,2,5597439.29
1049.32776,1851.110914,-221762.144,1.78545E+13,0.562832162,2,5062514.59
1791.309835,1933.665077,-245980.1994,1.78545E+13,0.562832162,2,5110950.701
567.8441859,628.373816,-214006.3406,1.78545E+13,0.562832162,2,5047002.983
1003.527685,1315.649997,-152694.9098,1.22466E+13,1,3,7233877.575
431.2524253,107.4999357,-235163.6102,1.78545E+13,0.562832162,2,5089317.522
910.4260974,720.330541,-228233.2813,1.78545E+13,0.562832162,2,5075456.864
1383.549161,26.071436,-737335.3565,1.78545E+13,0.562832162,2,6093661.015
1824.405173,1027.867131,-274001.4589,1.78545E+13,0.562832162,2,5166993.219
1105.752512,1650.071422,-224532.5059,1.78545E+13,0.562832162,2,5068055.313
1312.320358,1937.555105,-228502.7852,1.78545E+13,0.562832162,2,5075995.872
150.8874788,1925.501304,-228583.1878,1.22466E+13,1,3,7385654.131
1125.959421,1107.286806,-231612.116,1.78545E+13,0.562832162,2,5082214.534
875.2479747,1073.357564,-221531.6073,1.78545E+13,0.562832162,2,5062053.516
1869.983113,892.3225889,-284202.2465,1.78545E+13,0.562832162,2,5187394.795
910.1542776,1196.905129,-153462.6591,1.22466E+13,1,3,7235413.073
1930.614237,1596.370486,-259853.9846,1.78545E+13,0.562832162,2,5138698.271
83.33932655,1936.397464,-250188.9414,1.22466E+13,1,3,7428865.638
942.4413152,165.9447939,-284511.8423,1.78545E+13,0.562832162,2,5188013.986
1567.361404,1667.404816,-147641.2628,1.22466E+13,1,3,7223770.281
1945.338472,1950.022587,-252068.6589,1.78545E+13,0.562832162,2,5123127.619
61.70330952,629.3393987,-223578.2433,1.22466E+13,1,3,7375644.242
843.2525518,198.1224091,-261012.1142,1.78545E+13,0.562832162,2,5141014.53
1605.494656,1026.413839,-260137.3617,1.78545E+13,0.562832162,2,5139265.025
1690.206196,579.1968231,-293052.1307,1.78545E+13,0.562832162,2,5205094.563
205.3202246,1007.121641,-196344.8847,1.22466E+13,1,3,7321177.525
1361.545143,603.63398,-263709.9215,1.78545E+13,0.562832162,2,5146410.145
1393.905042,710.4667973,-259932.7784,1.78545E+13,0.562832162,2,5138855.858
11.98066008,206.6119121,-231305.529,1.22466E+13,1,3,7391098.813
47.02570429,325.9294762,-215187.954,1.22466E+13,1,3,7358863.663
1910.40945,1306.174951,-146149.5442,1.22466E+13,1,3,7220786.844
870.5607777,1046.712618,-221598.4399,1.78545E+13,0.562832162,2,5062187.182
1552.744619,1976.251938,-149655.3678,1.22466E+13,1,3,7227798.491
1718.135194,583.1012011,-295120.0488,1.78545E+13,0.562832162,2,5209230.399
147.8884833,1983.229393,-230403.6673,1.22466E+13,1,3,7389295.09
1259.036027,1267.252341,-234974.5302,1.78545E+13,0.562832162,2,5088939.362
186.2214527,1715.642892,-236174.6309,1.78545E+13,0.562832162,2,5091339.564
1663.208001,374.8986786,-317425.3375,1.78545E+13,0.562832162,2,5253840.977
1722.549291,1049.216494,-266096.3741,1.78545E+13,0.437102696,3,7460680.503
787.6004026,910.8858343,-153091.4695,1.22466E+13,1,3,7234670.694
294.0681254,1347.099858,-191552.0405,1.22466E+13,1,3,7311591.836
442.8242776,353.5722829,-211900.8122,1.78545E+13,0.450581911,3,7352289.38
1964.969813,491.8298826,-327863.7469,1.78545E+13,0.445780022,3,7584215.249
1510.055725,1160.062458,-146568.5152,1.22466E+13,1,3,7221624.786
1628.36933,1974.168381,-238958.4986,1.78545E+13,0.562832162,2,5096907.299
1257.468922,379.4286237,-274629.1702,1.78545E+13,0.562832162,2,5168248.642
1808.546448,1276.839391,-263144.6731,1.78545E+13,0.562832162,2,5145279.648
1078.713579,415.0258158,-155876.948,1.22466E+13,0.985229406,4,9549739.105
1212.533268,1368.618085,-231354.6187,1.78545E+13,0.562832162,2,5081699.539
1268.524062,876.6051504,-244744.1083,1.78545E+13,0.562832162,2,5108478.518
1703.181004,281.7686996,-344674.4586,1.78545E+13,0.562832162,2,5308339.219
1189.761882,723.0873704,-245168.9096,1.78545E+13,0.562832162,2,5109328.121
921.3991692,935.6128829,-224944.5983,1.78545E+13,0.562832162,2,5068879.498
1797.878489,800.8430654,-284541.606,1.78545E+13,0.562832162,2,5188073.514
1787.533404,1313.11435,-260773.9743,1.78545E+13,0.562832162,2,5140538.25
757.4163178,502.6785977,-225087.2785,1.78545E+13,0.562832162,2,5069164.859
656.0004461,968.2847633,-157940.137,1.22466E+13,1,3,7244368.029
1651.975251,720.4038487,-152849.2572,1.22466E+13,1,3,7234186.27
1072.611643,1854.506102,-222316.6519,1.78545E+13,0.562832162,2,5063623.606
1232.071523,1173.635508,-235424.9056,1.78545E+13,0.562832162,2,5089840.113
846.4492525,1451.636876,-218558.9805,1.78545E+13,0.562832162,2,5056108.263
1450.316955,910.1869423,-254854.7827,1.78545E+13,0.562832162,2,5128699.867
783.9085165,1240.585642,-217741.0968,1.78545E+13,0.562832162,2,5054472.495
760.9871679,1401.893428,-160615.3962,1.22466E+13,1,3,7249718.548
1475.378821,1980.411529,-150659.0624,1.22466E+13,1,3,7229805.88
525.5694334,1454.62669,-215384.8615,1.78545E+13,0.562832162,2,5049760.025
53.85541015,503.0622502,-239457.9503,1.78545E+13,0.562832162,2,5097906.202
720.2242986,1019.91243,-156461.9311,1.22466E+13,1,3,7241411.617
1631.221787,563.6174601,-288362.317,1.78545E+13,0.470604253,3,7505212.389
989.1352655,188.6569769,-185683.4664,1.22466E+13,1,3,7299854.688
1165.180303,553.9535045,-151900.227,1.22466E+13,1,3,7232288.209
1013.662333,763.0594322,-232981.8972,1.78545E+13,0.562832162,2,5084954.096
1092.355022,720.985444,-238955.5096,1.78545E+13,0.562832162,2,5096901.321
340.5268504,126.1378685,-167657.4007,1.22466E+13,1,3,7263802.557
1516.048983,495.0123094,-285885.6817,1.78545E+13,0.562832162,2,5190761.665
1732.588549,1644.306813,-249212.2559,1.78545E+13,0.562832162,2,5117414.814
957.8781924,453.2388834,-241353.2079,1.78545E+13,0.562832162,2,5101696.718
1739.110941,1984.909506,-243016.1385,1.78545E+13,0.562832162,2,5105022.579
1703.213875,1605.665642,-248624.7286,1.78545E+13,0.479113961,3,7425737.212
763.5267063,247.667332,-242708.9349,1.78545E+13,0.562832162,2,5104408.172
928.6136289,654.5646743,-230948.1263,1.78545E+13,0.562832162,2,5080886.554
1924.572757,332.964397,-199272.0242,1.22466E+13,1,3,7327031.804
932.5130075,538.4402626,-150656.1747,1.22466E+13,1,3,7229800.104
667.1921467,519.9876903,-219537.0464,1.78545E+13,0.562832162,2,5058064.394
481.3018696,547.2493339,-157970.6836,1.22466E+13,1,3,7244429.122
1411.172883,1763.373842,-233782.039,1.78545E+13,0.562832162,2,5086554.38
1402.17551,275.8217004,-309319.3294,1.78545E+13,0.562832162,2,5237628.961
1376.078452,384.3193621,-285810.7473,1.78545E+13,0.562832162,2,5190611.796
1725.30898,1810.163651,-245527.8327,1.78545E+13,0.562832162,2,5110045.967
656.3254491,606.1325048,-217590.6939,1.78545E+13,0.562832162,2,5054171.69
419.059146,1827.923775,-187534.9068,1.22466E+13,1,3,7303557.569
1597.650624,1236.707443,-252704.3547,1.78545E+13,0.562832162,2,5124399.011
670.5199445,275.2513233,-230819.0031,1.78545E+13,0.562832162,2,5080628.308
1358.31271,1630.584051,-149629.4753,1.22466E+13,1,3,7227746.706
1573.900302,700.2529584,-274001.5819,1.78545E+13,0.562832162,2,5166993.466
0.112150034,422.6653169,-264809.8582,1.78545E+13,0.562832162,2,5148610.018
1388.635794,1292.006224,-240588.6401,1.78545E+13,0.562832162,2,5100167.582
422.4470285,1219.41399,-215189.3322,1.78545E+13,0.562832162,2,5049368.966
129.3401041,1562.150581,-226988.1834,1.22466E+13,1,3,7382464.122
760.0700415,895.0588645,-153599.1817,1.22466E+13,1,3,7235686.118
1223.143225,262.9639959,-289807.3564,1.78545E+13,0.470604253,3,7508102.468
312.0124258,1891.786051,-226045.5709,1.78545E+13,0.562832162,2,5071081.444
1294.803951,694.3422085,-253625.465,1.78545E+13,0.562832162,2,5126241.232
1171.876336,635.1027738,-247699.6207,1.78545E+13,0.562832162,2,5114389.543
1976.838394,1598.914539,-262089.9276,1.78545E+13,0.562832162,2,5143170.157
1425.368933,1502.29127,-238272.8903,1.78545E+13,0.562832162,2,5095536.082
1007.799952,1338.534191,-152845.0862,1.22466E+13,1,3,7234177.927
1314.778624,1529.212733,-233238.3203,1.78545E+13,0.562832162,2,5085466.942
84.20035898,806.5612323,-220921.5198,1.22466E+13,1,3,7370330.795
1683.536971,117.4250298,-451700.3786,1.78545E+13,0.562832162,2,5522391.059
992.7144416,1141.122722,-225340.1998,1.78545E+13,0.562832162,2,5069670.701
710.7050327,1502.331092,-216092.9356,1.78545E+13,0.562832162,2,5051176.173
1179.096815,1496.294089,-228392.1632,1.78545E+13,0.534778941,3,7385272.081
1356.102541,756.1338989,-255030.0738,1.78545E+13,0.562832162,2,5129050.449
523.1323446,1147.933512,-213873.0145,1.78545E+13,0.562832162,2,5046736.331
1573.217804,1176.858169,-252868.6531,1.78545E+13,0.456326504,3,7434225.061
34.9212517,104.5849157,-204063.6697,1.22466E+13,1,3,7336615.095
1660.457933,252.9399003,-349029.5868,1.78545E+13,0.562832162,2,5317049.475
1502.01917,1918.451319,-235092.5021,1.78545E+13,0.562832162,2,5089175.306
1877.717463,917.0038611,-282691.26,1.78545E+13,0.521953836,3,7493870.275
1681.420501,1708.358587,-146950.8041,1.22466E+13,1,3,7222389.363
582.5604386,1844.435013,-216804.051,1.78545E+13,0.562832162,2,5052598.404
1554.081401,1886.76467,-237436.6246,1.78545E+13,0.562832162,2,5093863.551
267.3740319,1355.121313,-195258.2359,1.22466E+13,1,3,7319004.227
1978.867057,1852.721348,-145818.5321,1.22466E+13,1,3,7220124.819
1239.039211,523.9706304,-259275.0405,1.78545E+13,0.562832162,2,5137540.383
761.7789635,516.2308417,-224939.9073,1.78545E+13,0.562832162,2,5068870.116
340.6263924,313.3841716,-209305.2208,1.78545E+13,0.534778941,3,7347098.197
689.6308758,518.8457204,-220748.7054,1.78545E+13,0.562832162,2,5060487.713
1099.32435,643.7993395,-242265.7177,1.78545E+13,0.562832162,2,5103521.737
1726.377742,1114.340941,-264182.2553,1.78545E+13,0.562832162,2,5147354.812
1272.73446,365.9505027,-277934.4725,1.78545E+13,0.562832162,2,5174859.247
263.2503965,1723.286436,-203389.9417,1.22466E+13,1,3,7335267.639
1334.798345,314.6467058,-175126.7674,1.22466E+13,1,3,7278741.29
212.706232,740.569126,-187137.1648,1.22466E+13,1,3,7302762.085
497.6625024,1320.346025,-172374.1279,1.22466E+13,1,3,7273236.011
1327.8126,630.5061302,-259437.6761,1.78545E+13,0.562832162,2,5137865.654
152.9125265,1677.292681,-240673.7174,1.78545E+13,0.562832162,2,5100337.737
1605.140864,878.4384542,-148759.8289,1.22466E+13,1,3,7226007.413
332.9805783,1344.50989,-186935.5972,1.22466E+13,1,3,7302358.949
1002.843885,481.5605019,-243161.6935,1.78545E+13,0.562832162,2,5105313.689
795.4445586,494.738408,-227741.6058,1.78545E+13,0.562832162,2,5074473.513
1685.733467,1788.615853,-244265.3944,1.78545E+13,0.562832162,2,5107521.091
837.2680072,1075.843513,-220172.0113,1.78545E+13,0.562832162,2,5059334.324
1404.04447,1120.782047,-245408.82,1.78545E+13,0.562832162,2,5109807.942
1039.159647,157.4406826,-201758.5896,1.22466E+13,1,3,7332004.934
1118.75932,757.2760621,-239413.327,1.78545E+13,0.562832162,2,5097816.956
1307.963347,1816.182802,-229533.3624,1.78545E+13,0.562832162,2,5078057.027
1840.171139,121.4592331,-476534.5536,1.78545E+13,0.562832162,2,5572059.409
1687.585828,325.9616026,-330586.8979,1.78545E+13,0.562832162,2,5280164.098
432.51458,1280.0056,-215470.8941,1.78545E+13,0.562832162,2,5049932.09
753.1236591,761.8128455,-219851.5583,1.78545E+13,0.562832162,2,5058693.418
442.3462271,1216.815886,-174293.8138,1.22466E+13,1,3,7277075.383
752.2257347,1389.98718,-216738.4623,1.78545E+13,0.562832162,2,5052467.226
29.68619047,152.5270663,-211947.898,1.22466E+13,1,3,7352383.551
265.9523561,1514.385507,-198861.583,1.22466E+13,1,3,7326210.921
1320.307685,1090.310978,-241691.9276,1.78545E+13,0.562832162,2,5102374.157
218.0657994,575.597916,-214863.5978,1.78545E+13,0.562832162,2,5048717.497
612.1478505,127.8579674,-251221.7948,1.78545E+13,0.548412007,3,7430931.345
1925.833274,45.1741456,-763736.5306,1.78545E+13,0.562832162,2,6146463.363
1565.582417,1776.396475,-239551.2483,1.78545E+13,0.562832162,2,5098092.798
1824.714709,794.6574773,-286970.3432,1.78545E+13,0.562832162,2,5192930.988
971.8610379,330.5375132,-160252.9774,1.22466E+13,1,3,7248993.71
1353.965556,1502.716065,-148799.104,1.22466E+13,1,3,7226085.963
1250.564595,1361.495192,-233054.1617,1.78545E+13,0.562832162,2,5085098.625
1403.022148,463.3934325,-160772.4139,1.22466E+13,1,3,7250032.583
1663.683131,355.460694,-182340.2485,1.22466E+13,1,3,7293168.252
776.7687009,1219.369819,-157462.4796,1.22466E+13,1,3,7243412.714
454.524318,742.3681372,-211709.1187,1.78545E+13,0.562832162,2,5042408.539
419.8848827,1330.632945,-216139.2318,1.78545E+13,0.562832162,2,5051268.765
1842.493196,1752.610543,-251688.458,1.78545E+13,0.521953836,3,7431864.671
1291.162893,1909.628814,-228096.7739,1.78545E+13,0.562832162,2,5075183.849
405.3520282,1478.410954,-217750.6569,1.78545E+13,0.562832162,2,5054491.615
1151.305241,1626.512074,-226168.593,1.78545E+13,0.562832162,2,5071327.488
1857.242549,1733.978415,-252899.2205,1.78545E+13,0.562832162,2,5124788.743
1009.748494,630.7858989,-236793.9343,1.78545E+13,0.562832162,2,5092578.17
1760.623258,160.7680963,-416559.2925,1.78545E+13,0.562832162,2,5452108.887
105.5713478,1703.769809,-237336.9994,1.22466E+13,1,3,7403161.754
709.8352971,256.8073374,-160239.9618,1.22466E+13,1,3,7248967.679
715.9467906,1504.97796,-216157.883,1.78545E+13,0.562832162,2,5051306.068
665.744738,265.9741439,-231285.0903,1.78545E+13,0.562832162,2,5081560.482
1822.802179,1586.016418,-254837.0215,1.78545E+13,0.562832162,2,5128664.345
1521.231372,1999.162994,-150197.6606,1.22466E+13,1,3,7228883.076
1403.036771,48.14097555,-570484.1851,1.78545E+13,0.562832162,2,5759958.672
1601.300362,823.4414395,-149679.4856,1.22466E+13,1,3,7227846.726
1291.31388,1485.676553,-232911.8776,1.78545E+13,0.562832162,2,5084814.057
581.0751266,1430.580689,-215083.149,1.78545E+13,0.562832162,2,5049156.6
1234.47504,1297.916705,-233358.1057,1.78545E+13,0.562832162,2,5085706.513
1563.805758,197.2466492,-359058.6684,1.78545E+13,0.456326504,3,7646605.092
1148.732702,1312.525446,-229556.7729,1.78545E+13,0.436135845,3,7387601.301
1373.123059,371.4355611,-287371.8766,1.78545E+13,0.562832162,2,5193734.055
984.1958055,1824.585924,-158884.12,1.22466E+13,1,3,7246255.995
1874.24545,263.7701548,-217165.3667,1.22466E+13,1,3,7362818.489
719.9240967,505.3674028,-222779.6614,1.78545E+13,0.562832162,2,5064549.624
1911.510514,797.514475,-293393.3689,1.78545E+13,0.562832162,2,5205777.04
716.819303,780.3405899,-218195.0864,1.78545E+13,0.562832162,2,5055380.474
1088.971571,859.5868426,-234792.0367,1.78545E+13,0.562832162,2,5088574.375
150.2702279,961.5676818,-229582.9528,1.78545E+13,0.562832162,2,5078156.207
672.6263544,378.1603903,-224275.5553,1.78545E+13,0.562832162,2,5067541.412
1078.357741,1947.200422,-222000.7435,1.78545E+13,0.562832162,2,5062991.789
1739.87229,347.8071019,-331490.6358,1.78545E+13,0.562832162,2,5281971.573
1192.392527,370.5750618,-269348.8593,1.78545E+13,0.562832162,2,5157688.02
874.296401,990.8414192,-152002.2311,1.22466E+13,1,3,7232492.217
956.7467692,70.18068532,-276239.6338,1.22466E+13,1,3,7480967.023
955.1138081,1580.442881,-220703.9592,1.78545E+13,0.562832162,2,5060398.22
1366.237622,1725.076659,-232611.0791,1.78545E+13,0.562832162,2,5084212.46
267.5508411,1458.415151,-197466.1296,1.22466E+13,1,3,7323420.014
1130.943358,0.614948489,-624904.5883,1.78545E+13,0,1,3559302.025
850.7589372,1179.045763,-219914.3289,1.78545E+13,0.562832162,2,5058818.96
1998.403904,1773.70835,-145593.6333,1.22466E+13,1,3,7219675.022
1683.405039,1142.635759,-260574.1858,1.78545E+13,0.562832162,2,5140138.673
1838.581143,494.9415941,-316316.3728,1.78545E+13,0.562832162,2,5251623.047
1986.133114,1839.624773,-256293.9299,1.78545E+13,0.562832162,2,5131578.162
431.6009721,188.1442906,-219313.8968,1.78545E+13,0.562832162,2,5057618.095
1814.74825,1005.484192,-274421.0999,1.78545E+13,0.562832162,2,5167832.502
1022.56085,1529.697,-154572.8693,1.22466E+13,1,3,7237633.494
194.9601407,1004.850206,-198146.5011,1.22466E+13,1,3,7324780.757
967.1126111,1138.96514,-151627.4472,1.22466E+13,1,3,7231742.65
1303.443481,842.684462,-248054.7292,1.78545E+13,0.562832162,2,5115099.76
1274.67586,1206.302521,-236835.5219,1.78545E+13,0.562832162,2,5092661.346
18.93749421,877.3523781,-261187.2965,1.22466E+13,1,3,7450862.348
1375.692409,1493.24648,-236293.6699,1.78545E+13,0.562832162,2,5091577.642
1513.995976,1086.959517,-252552.5596,1.78545E+13,0.562832162,2,5124095.421
1328.257862,1867.084043,-151927.5018,1.22466E+13,1,3,7232342.759
1728.241897,115.7290471,-463132.4639,1.78545E+13,0.562832162,2,5545255.23
513.0162,1403.755307,-215210.3524,1.78545E+13,0.562832162,2,5049411.007
485.3455142,1143.98359,-213919.1235,1.78545E+13,0.562832162,2,5046828.549
1387.090858,45.33103286,-580506.8121,1.78545E+13,0.562832162,2,5780003.926
778.3147352,1790.055012,-217004.4317,1.78545E+13,0.562832162,2,5052999.165
544.6224682,1975.592484,-217924.7479,1.78545E+13,0.562832162,2,5054839.798
1643.903623,1979.718438,-239457.9457,1.78545E+13,0.562832162,2,5097906.193
995.1535109,1660.960681,-221340.3916,1.78545E+13,0.562832162,2,5061671.085
593.616895,995.6578847,-214059.4297,1.78545E+13,0.562832162,2,5047109.161
710.0342755,1583.244176,-216155.8674,1.78545E+13,0.562832162,2,5051302.036
1070.228852,1471.348794,-224855.7857,1.78545E+13,0.562832162,2,5068701.873
1514.597398,296.7476513,-317454.3585,1.78545E+13,0.562832162,2,5253899.019
625.2646233,1570.587514,-215612.5608,1.78545E+13,0.562832162,2,5050215.423
913.491601,26.49489,-526641.9987,1.78545E+13,0.562832162,2,5672274.299
696.4972907,324.6108941,-229035.8846,1.78545E+13,0.562832162,2,5077062.071
1838.751235,1899.610581,-248583.4666,1.78545E+13,0.562832162,2,5116157.235
314.4884947,1708.000995,-224056.6432,1.78545E+13,0.562832162,2,5067103.588
277.0098411,187.1660457,-210288.6136,1.78545E+13,0.562832162,2,5039567.529
735.9950208,1824.178623,-216666.0109,1.78545E+13,0.562832162,2,5052322.324
1407.858478,669.7908748,-263210.2424,1.78545E+13,0.562832162,2,5145410.786
636.9942601,1678.844304,-215958.3021,1.78545E+13,0.562832162,2,5050906.906
1467.254674,1817.260834,-149591.7812,1.22466E+13,1,3,7227671.318
891.2117912,1606.518698,-219080.0682,1.78545E+13,0.562832162,2,5057150.438
919.3462866,1426.032926,-220523.8675,1.78545E+13,0.562832162,2,5060038.037
248.6431364,566.6733272,-212967.548,1.78545E+13,0.562832162,2,5044925.398
1597.829932,970.240211,-147580.3359,1.22466E+13,1,3,7223648.427
656.2161524,1596.886281,-215787.0039,1.78545E+13,0.562832162,2,5050564.31
1800.970738,1187.576286,-146547.2146,1.22466E+13,1,3,7221582.184
1218.227828,1126.133138,-235677.4524,1.78545E+13,0.562832162,2,5090345.206
222.1419797,201.453127,-209123.1661,1.78545E+13,0.562832162,2,5037236.634
1170.109832,1234.230372,-231539.9118,1.78545E+13,0.562832162,2,5082070.125
686.7299765,1533.76012,-165608.5694,1.22466E+13,1,3,7259704.894
1828.387107,1045.062571,-273467.5959,1.78545E+13,0.562832162,2,5165925.494
912.0382383,206.1688742,-267412.0485,1.78545E+13,0.562832162,2,5153814.399
911.7306552,620.1816725,-230937.6789,1.78545E+13,0.562832162,2,5080865.66
1036.602374,648.2581326,-237912.7821,1.78545E+13,0.562832162,2,5094815.866
133.5349102,829.97398,-229543.9074,1.78545E+13,0.562832162,2,5078078.117
1714.21983,1527.097966,-251037.9332,1.78545E+13,0.562832162,2,5121066.168
492.6950421,615.7382416,-211988.2685,1.78545E+13,0.562832162,2,5042966.839
1734.107424,43.35297408,-711353.6156,1.78545E+13,0.534778941,3,8351194.986
1823.852352,187.3274284,-405907.8941,1.78545E+13,0.562832162,2,5430806.09
121.9904313,519.9271777,-223840.1843,1.78545E+13,0.562832162,2,5066670.67
1382.583676,917.1647707,-250044.6919,1.78545E+13,0.548412007,3,7428577.139
1995.232003,952.9674436,-289535.6027,1.78545E+13,0.562832162,2,5198061.507
1401.048297,254.5216145,-315096.1541,1.78545E+13,0.562832162,2,5249182.61
1511.496472,1194.258435,-146545.2159,1.22466E+13,1,3,7221578.187
1707.894677,577.982462,-294717.383,1.78545E+13,0.562832162,2,5208425.068
1907.522899,1902.358556,-251446.9238,1.78545E+13,0.562832162,2,5121884.149
485.2104641,563.670105,-211885.131,1.78545E+13,0.562832162,2,5042760.564
1528.445836,15.43036053,-769453.5385,1.78545E+13,0,1,3848399.925
1916.183132,945.6580002,-284408.0436,1.78545E+13,0.562832162,2,5187806.389
1737.476938,905.0994644,-274173.8453,1.78545E+13,0.562832162,2,5167337.992
1191.16836,1432.755808,-229647.1755,1.78545E+13,0.562832162,2,5078284.653
1837.97399,302.9501365,-354829.7636,1.78545E+13,0.562832162,2,5328649.829
160.5020157,1936.261719,-226438.7764,1.22466E+13,1,3,7381365.308
1853.061623,345.6371447,-344958.3672,1.78545E+13,0.562832162,2,5308907.036
85.60230935,1900.355929,-248585.9005,1.22466E+13,1,3,7425659.556
1562.637103,1695.889521,-240766.6165,1.78545E+13,0.562832162,2,5100523.535
917.1576047,1306.922352,-221165.5344,1.78545E+13,0.562832162,2,5061321.37
1466.840312,1390.951975,-242263.6889,1.78545E+13,0.562832162,2,5103517.679
456.0182285,1065.316065,-213605.5962,1.78545E+13,0.562832162,2,5046201.494
1581.708075,422.7131929,-301066.19,1.78545E+13,0.562832162,2,5221122.682
1373.521982,1085.493057,-147003.1455,1.22466E+13,1,3,7222494.046
581.81656,1862.571374,-176133.9868,1.22466E+13,1,3,7280755.729
566.4339565,1319.750717,-214648.9536,1.78545E+13,0.562832162,2,5048288.209
563.2985149,1100.802179,-213890.6343,1.78545E+13,0.562832162,2,5046771.57
1205.349844,524.9703726,-256462.767,1.78545E+13,0.562832162,2,5131915.836
632.0654302,1908.015745,-173915.5294,1.22466E+13,1,3,7276318.814
690.5761897,1870.553008,-216554.5323,1.78545E+13,0.562832162,2,5052099.366
515.0582234,1419.909556,-215282.3333,1.78545E+13,0.562832162,2,5049554.968
479.8288654,851.6585268,-212371.8763,1.78545E+13,0.562832162,2,5043734.054
1541.774253,1736.977132,-239226.8902,1.78545E+13,0.562832162,2,5097444.082
269.4220385,1420.267788,-196392.1127,1.22466E+13,1,3,7321271.981
517.4410887,8.922511201,-406619.8063,1.78545E+13,0.000206143,2,5432229.914
1637.566694,613.6240296,-285476.4781,1.78545E+13,0.562832162,2,5189943.258
1396.580762,171.0731246,-224884.4492,1.22466E+13,1,3,7378256.654
1660.764356,1568.784462,-247554.7358,1.78545E+13,0.562832162,2,5114099.773
1473.546473,448.8102801,-287065.0808,1.78545E+13,0.562832162,2,5193120.463
215.9723866,1364.602412,-227954.3013,1.78545E+13,0.562832162,2,5074898.904
1407.115885,1469.199157,-148038.6239,1.22466E+13,1,3,7224565.003
958.4824076,1914.590493,-219857.7107,1.78545E+13,0.439034773,3,7368203.177
234.992494,1134.653406,-222920.168,1.78545E+13,0.562832162,2,5064830.638
1723.409532,1656.236996,-248535.2455,1.78545E+13,0.562832162,2,5116060.793
5.595446786,1824.928408,-290711.683,1.22466E+13,0.573790253,2,5200413.668
35.10108487,1769.478041,-272373.3581,1.22466E+13,1,3,7473234.471
626.7667243,1678.042227,-215953.1766,1.78545E+13,0.562832162,2,5050896.655
374.3560549,1738.521459,-190227.0093,1.22466E+13,1,3,7308941.774
834.7135653,1653.835214,-217864.7064,1.78545E+13,0.562832162,2,5054719.714
342.5578362,1201.328318,-217339.2049,1.78545E+13,0.562832162,2,5053668.712
177.3943151,1330.716796,-232002.8916,1.78545E+13,0.562832162,2,5082996.085
808.2916898,494.0811591,-228600.899,1.78545E+13,0.562832162,2,5076192.1
1932.747325,1490.701086,-263023.679,1.78545E+13,0.562832162,2,5145037.66
1506.163974,1256.840194,-247294.4537,1.78545E+13,0.562832162,2,5113579.209
1781.530134,1709.096204,-250020.9539,1.78545E+13,0.562832162,2,5119032.21
1679.997186,98.39073189,-483360.2031,1.78545E+13,0.562832162,2,5585710.708
213.8606076,1115.15599,-197760.3525,1.22466E+13,1,3,7324008.46
623.1283543,1480.406961,-215342.7057,1.78545E+13,0.562832162,2,5049675.713
1690.855509,878.4355127,-272317.9175,1.78545E+13,0.562832162,2,5163626.137
517.3568418,1533.719073,-174901.2207,1.22466E+13,1,3,7278290.197
959.7686208,1018.244809,-225498.9748,1.78545E+13,0.562832162,2,5069988.251
368.8406732,1323.432085,-217574.7899,1.78545E+13,0.562832162,2,5054139.882
1047.536739,259.5653579,-271351.9455,1.78545E+13,0.562832162,2,5161694.193
1721.527412,163.8154698,-407428.5626,1.78545E+13,0.562832162,2,5433847.427
1594.618242,257.4838176,-338837.4359,1.78545E+13,0.562832162,2,5296665.174
746.6766484,1604.214548,-216577.5789,1.78545E+13,0.562832162,2,5052145.459
1616.729285,910.1800333,-265715.6369,1.78545E+13,0.562832162,2,5150421.576
917.1735424,739.5806985,-228170.8149,1.78545E+13,0.562832162,2,5075331.932
1886.814743,1523.411229,-259693.5988,1.78545E+13,0.562832162,2,5138377.499
1792.634528,421.9401881,-322766.8711,1.78545E+13,0.562832162,2,5264524.044
569.7096622,251.6137149,-224468.8071,1.78545E+13,0.562832162,2,5067927.916
1118.792975,753.2057901,-239546.8133,1.78545E+13,0.562832162,2,5098083.928
1421.110317,59.53127219,-397789.4762,1.22466E+13,1,3,7724066.708
1343.812633,500.8501456,-269948.6955,1.78545E+13,0.562832162,2,5158887.693
1298.22591,43.29277249,-562159.3517,1.78545E+13,0.562832162,2,5743309.005
1073.318618,1578.779236,-224077.8774,1.78545E+13,0.562832162,2,5067146.056
1430.353102,1680.794787,-235647.1589,1.78545E+13,0.562832162,2,5090284.62
839.8218382,343.6562207,-239436.417,1.78545E+13,0.562832162,2,5097863.136
756.9775752,227.5748132,-245096.7073,1.78545E+13,0.562832162,2,5109183.716
1286.986359,91.27015596,-410519.6322,1.78545E+13,0.562832162,2,5440029.566
1605.269809,499.510902,-293615.2837,1.78545E+13,0.562832162,2,5206220.869
1846.51228,1724.751812,-252451.1553,1.78545E+13,0.534778941,3,7433390.066
334.4013139,1351.694742,-219280.8463,1.78545E+13,0.562832162,2,5057551.994
199.0758161,554.810238,-182926.201,1.22466E+13,1,3,7294340.157
216.1257586,1246.757996,-226276.0628,1.78545E+13,0.562832162,2,5071542.427
522.964322,1166.112142,-167861.4451,1.22466E+13,1,3,7264210.645
273.4330464,767.1425691,-214952.4174,1.78545E+13,0.562832162,2,5048895.136
1218.289731,1286.157638,-148965.1321,1.22466E+13,1,3,7226418.019
1881.781151,1213.686419,-269689.5434,1.78545E+13,0.562832162,2,5158369.389
554.9107947,1587.153041,-215834.6848,1.78545E+13,0.562832162,2,5050659.671
253.7323334,1671.210841,-228209.3091,1.78545E+13,0.562832162,2,5075408.92
719.6043803,234.0892526,-162982.6716,1.22466E+13,1,3,7254453.098
684.4622556,1687.192444,-216124.5191,1.78545E+13,0.562832162,2,5051239.34
1653.754496,682.4635527,-281465.6652,1.78545E+13,0.562832162,2,5181921.632
1886.385481,1519.460369,-259784.0725,1.78545E+13,0.562832162,2,5138558.447
276.1440193,1271.180686,-221653.3902,1.78545E+13,0.562832162,2,5062297.082
1427.745658,1368.97395,-240872.144,1.78545E+13,0.562832162,2,5100734.59
1515.45836,200.6673701,-351478.002,1.78545E+13,0.562832162,2,5321946.306
1097.46283,1709.698917,-223854.1568,1.78545E+13,0.562832162,2,5066698.615
707.1297458,649.0035768,-219276.1723,1.78545E+13,0.562832162,2,5057542.646
938.815173,1822.351042,-219442.339,1.78545E+13,0.562832162,2,5057874.98
649.8060686,1018.904654,-158997.6452,1.22466E+13,1,3,7246483.046
703.8802522,730.0172037,-153110.4812,1.22466E+13,1,3,7234708.718
826.776815,1576.453749,-218111.3791,1.78545E+13,0.441928832,3,7364710.513
369.7010421,862.1049434,-172231.1444,1.22466E+13,1,3,7272950.044
1184.813753,63.8521006,-445660.3737,1.78545E+13,0.562832162,2,5510311.049
1697.776709,802.5791499,-277003.1951,1.78545E+13,0.562832162,2,5172996.692
345.8748502,12.99040557,-356024.9549,1.78545E+13,0.562832162,2,5331040.212
612.0154058,1659.422413,-215902.4713,1.78545E+13,0.562832162,2,5050795.244
806.9167384,1148.64418,-155567.3083,1.22466E+13,1,3,7239622.372
1074.83591,872.2321083,-233714.5899,1.78545E+13,0.562832162,2,5086419.481
476.9269234,1450.037466,-215913.2012,1.78545E+13,0.562832162,2,5050816.704
1612.359605,412.606721,-305675.3945,1.78545E+13,0.562832162,2,5230341.091
67.49497727,1560.710773,-249300.1211,1.22466E+13,1,3,7427087.997
677.5220358,1361.196305,-215580.9594,1.78545E+13,0.562832162,2,5050152.22
701.3813422,386.3794602,-225874.1494,1.78545E+13,0.562832162,2,5070738.601
690.0259199,70.6111871,-309056.0184,1.78545E+13,0.562832162,2,5237102.338
467.8353579,1280.334651,-173674.9442,1.22466E+13,1,3,7275837.643
780.2827524,488.1982213,-226999.0173,1.78545E+13,0.562832162,2,5072988.336
1685.952264,1761.004996,-244786.34,1.78545E+13,0.562832162,2,5108562.982
1959.027886,870.8077094,-152426.6166,1.22466E+13,1,3,7233340.988
621.3176252,885.9306496,-214654.8697,1.78545E+13,0.562832162,2,5048300.041
686.0188622,740.466885,-153593.7133,1.22466E+13,0.958068544,4,9545172.635
1244.466742,1770.953014,-227884.421,1.78545E+13,0.562832162,2,5074759.144
649.7000269,930.4186574,-157572.9168,1.22466E+13,1,3,7243633.589
513.3812885,1309.004767,-214693.624,1.78545E+13,0.562832162,2,5048377.55
184.157987,101.0175436,-212852.739,1.78545E+13,0.562832162,2,5044695.78
1714.633035,1295.179578,-257336.7786,1.78545E+13,0.562832162,2,5133663.859
695.6768611,1876.430102,-216579.3724,1.78545E+13,0.562832162,2,5052149.047
941.9680685,1351.41899,-154480.8576,1.22466E+13,1,3,7237449.47
46.32063431,1060.350591,-247304.03,1.22466E+13,1,3,7423095.815
1889.472708,1839.865227,-251989.0219,1.78545E+13,0.562832162,2,5122968.345
1275.30703,1370.066473,-233980.2764,1.78545E+13,0.562832162,2,5086950.854
540.2006421,987.1675486,-213350.8508,1.78545E+13,0.562832162,2,5045692.003
757.9414321,555.7155385,-223641.6481,1.78545E+13,0.562832162,2,5066273.598
711.8887422,1707.672426,-216331.1924,1.78545E+13,0.562832162,2,5051652.687
1122.593926,1703.130563,-224641.5758,1.78545E+13,0.562832162,2,5068273.453
739.5962469,1745.03243,-166364.4775,1.22466E+13,1,3,7261216.71
1919.158184,1483.309557,-262537.8226,1.78545E+13,0.562832162,2,5144065.947
1352.935465,545.7543319,-267082.5093,1.78545E+13,0.562832162,2,5153155.32
369.1686979,39.45079638,-276956.4655,1.78545E+13,0.562832162,2,5172903.233
1202.489697,364.4318535,-271114.5085,1.78545E+13,0.562832162,2,5161219.319
1350.549977,1699.623506,-232351.023,1.78545E+13,0.562832162,2,5083692.348
273.6026792,1296.595998,-193095.9429,1.22466E+13,1,3,7314679.641
1444.470004,1700.676007,-149068.0858,1.22466E+13,1,3,7226623.927
34.91563583,954.9054206,-251225.4076,1.22466E+13,1,3,7430938.57
65.60946863,13.82127062,-203458.0995,1.22466E+13,1,3,7335403.954
91.20894296,1772.820619,-255228.1075,1.78545E+13,0.562832162,2,5129446.517
1989.02117,1106.994324,-280943.5348,1.78545E+13,0.562832162,2,5180877.371
376.5428128,910.3918648,-213370.133,1.78545E+13,0.562832162,2,5045730.568
1701.277886,347.6439906,-327159.4011,1.78545E+13,0.562832162,2,5273309.104
849.2931861,281.3100672,-246758.0819,1.78545E+13,0.562832162,2,5112506.466
729.2752822,1500.205524,-163279.0923,1.22466E+13,1,3,7255045.94
885.4494061,1537.82089,-219174.3469,1.78545E+13,0.562832162,2,5057338.996
702.4414866,1186.319259,-216016.2409,1.78545E+13,0.562832162,2,5051022.783
294.2148599,811.5203279,-178329.6665,1.22466E+13,1,3,7285147.088
871.9909667,514.2626689,-232062.0756,1.78545E+13,0.562832162,2,5083114.453
133.6877392,1525.305623,-241900.2975,1.78545E+13,0.562832162,2,5102790.897
1062.047856,166.2484691,-301740.6199,1.78545E+13,0.562832162,2,5222471.541
1941.475713,1094.196454,-278488.0821,1.78545E+13,0.562832162,2,5175966.466
589.5500381,1896.549974,-216973.5609,1.78545E+13,0.562832162,2,5052937.424
1563.270063,48.45416753,-620507.5447,1.78545E+13,0.562832162,2,5860005.391
628.4740095,691.2411755,-215655.5967,1.78545E+13,0.562832162,2,5050301.495
882.4912863,656.9030206,-228187.6006,1.78545E+13,0.562832162,2,5075365.503
1502.076733,521.0903091,-282019.3749,1.78545E+13,0.562832162,2,5183029.052
1252.102769,1496.086652,-231211.5014,1.78545E+13,0.562832162,2,5081413.304
1766.307872,438.693424,-317331.1347,1.78545E+13,0.562832162,2,5253652.571
1357.234247,225.8839602,-318764.2198,1.78545E+13,0.562832162,2,5256518.741
114.0704067,262.8917709,-216837.4237,1.78545E+13,0.562832162,2,5052665.149
1545.433038,999.7394807,-147168.8615,1.22466E+13,1,3,7222825.478
1947.305293,1886.906637,-145958.126,1.22466E+13,0.879437374,4,9529901.461
757.1377631,1081.06885,-156148.9087,1.22466E+13,1,3,7240785.573
1954.509113,245.7980507,-391606.9102,1.78545E+13,0.562832162,2,5402204.122
593.3019917,410.4428491,-153700.6003,1.22466E+13,1,3,7235888.956
687.6202897,653.3563016,-218351.5423,1.78545E+13,0.562832162,2,5055693.386
1825.682002,1727.342714,-251614.3477,1.78545E+13,0.562832162,2,5122218.997
388.9633659,603.0183802,-164275.7035,1.22466E+13,1,3,7257039.162
151.2720357,199.8068006,-211325.0818,1.78545E+13,0.562832162,2,5041640.465
546.5656014,456.3743064,-214878.5028,1.78545E+13,0.562832162,2,5048747.307
581.5386032,702.8336524,-214082.8916,1.78545E+13,0.562832162,2,5047156.085
600.3719204,1392.353049,-214993.7487,1.78545E+13,0.562832162,2,5048977.799
201.1803861,1033.335255,-224517.9271,1.78545E+13,0.562832162,2,5068026.156
218.2657607,1313.160554,-227005.3828,1.78545E+13,0.562832162,2,5073001.067
1365.059195,1407.494528,-147989.0473,1.22466E+13,0.971243932,4,9533963.303
122.8417762,1400.425742,-225164.9946,1.22466E+13,1,3,7378817.744
759.2260997,4.202527447,-490191.7944,1.78545E+13,0,1,3289876.437
876.9644135,1638.854431,-218690.0959,1.78545E+13,0.562832162,2,5056370.494
383.9163632,308.0855243,-159029.7636,1.22466E+13,1,3,7246547.282
1821.211316,566.1460606,-306029.8522,1.78545E+13,0.562832162,2,5231050.006
972.7157885,878.3683732,-228277.0585,1.78545E+13,0.562832162,2,5075544.419
280.0283245,871.5018647,-181654.2687,1.22466E+13,1,3,7291796.293
238.539844,758.1962563,-183799.3114,1.22466E+13,1,3,7296086.378
754.2036272,1616.868427,-216674.4989,1.78545E+13,0.562832162,2,5052339.299
1410.862677,1579.758784,-236384.961,1.78545E+13,0.562832162,2,5091760.224
198.6545507,1562.989256,-232585.1999,1.78545E+13,0.562832162,2,5084160.702
1302.632748,1236.344257,-237585.3053,1.78545E+13,0.562832162,2,5094160.912
1967.037943,637.4252728,-162432.0764,1.22466E+13,1,3,7253351.908
1079.22333,1774.671461,-222930.4605,1.78545E+13,0.562832162,2,5064851.223
409.2230755,1395.282494,-216942.2254,1.78545E+13,0.562832162,2,5052874.753
421.3801245,569.6361902,-210699.0758,1.78545E+13,0.562832162,2,5040388.453
1568.053676,1244.074214,-250898.9028,1.78545E+13,0.562832162,2,5120788.107
800.8580169,1458.174738,-159982.5856,1.22466E+13,1,3,7248452.926
1967.617563,1638.915225,-260512.8635,1.78545E+13,0.562832162,2,5140016.029
364.8219256,276.9264393,-159720.5786,1.22466E+13,1,3,7247928.912
396.4583053,1450.116745,-182753.4526,1.22466E+13,1,3,7293994.66
1885.38277,571.6481491,-311234.7184,1.78545E+13,0.562832162,2,5241459.738
1152.638721,723.9037381,-242705.4476,1.78545E+13,0.562832162,2,5104401.197
1315.239901,651.531625,-150787.9536,1.22466E+13,1,3,7230063.662
1542.084224,890.8778713,-148202.7083,1.22466E+13,1,3,7224893.172
1822.080957,665.0635062,-296546.0384,1.78545E+13,0.562832162,2,5212082.379
264.0555133,1244.840103,-222161.0792,1.78545E+13,0.562832162,2,5063312.46
488.6199529,390.4041319,-213440.5853,1.78545E+13,0.562832162,2,5045871.472
1204.794466,1837.242133,-226071.0908,1.78545E+13,0.562832162,2,5071132.483
1097.235013,1008.552565,-232013.3383,1.78545E+13,0.562832162,2,5083016.978
45.568859,1925.672334,-268677.6424,1.22466E+13,1,3,7465843.04
1327.273233,1513.034751,-233975.1656,1.78545E+13,0.562832162,2,5086940.633
1972.988791,1313.491935,-271221.9331,1.78545E+13,0.562832162,2,5161434.168
777.9742615,311.3590601,-236874.2498,1.78545E+13,0.562832162,2,5092738.801
1239.517298,671.5218627,-250789.7925,1.78545E+13,0.562832162,2,5120569.887
890.2822796,270.3365284,-252402.8141,1.78545E+13,0.562832162,2,5123795.93
781.8359188,453.7869511,-228420.17,1.78545E+13,0.562832162,2,5075830.642
1855.178429,537.2247177,-312472.8462,1.78545E+13,0.562832162,2,5243935.994
652.2693872,724.765632,-216234.6005,1.78545E+13,0.498805924,3,7360956.956
1606.730835,869.3859749,-148912.8975,1.22466E+13,1,3,7226313.55
1886.428681,305.1032717,-360125.5574,1.78545E+13,0.562832162,2,5339241.417
1021.048065,1280.071012,-224923.2117,1.78545E+13,0.562832162,2,5068836.725
1309.712735,1952.366211,-228288.6557,1.78545E+13,0.562832162,2,5075567.613
25.03210567,443.368687,-236657.5257,1.22466E+13,1,3,7401802.806
1312.999099,427.2717101,-274326.6406,1.78545E+13,0.562832162,2,5167643.583
1151.675604,1533.9311,-227056.5993,1.78545E+13,0.562832162,2,5073103.5
1210.506218,334.0368116,-276166.6282,1.78545E+13,0.562832162,2,5171323.558
1240.426821,1239.002922,-234619.8234,1.78545E+13,0.562832162,2,5088229.949
1949.636885,1031.706713,-282083.9659,1.78545E+13,0.562832162,2,5183158.234
66.20989153,1305.210381,-255077.3197,1.78545E+13,0.562832162,2,5129144.941
1333.997666,732.01243,-254604.2999,1.78545E+13,0.562832162,2,5128198.902
674.8633626,329.5253346,-227040.2789,1.78545E+13,0.562832162,2,5073070.86
1127.011857,1755.704622,-224392.7865,1.78545E+13,0.548412007,3,7377273.328
865.6855165,81.31090094,-243544.3263,1.22466E+13,1,3,7415576.408
1393.49484,595.9272564,-266096.0879,1.78545E+13,0.509956564,3,7460679.931
514.4997635,1781.814164,-179242.241,1.22466E+13,1,3,7286972.237
765.6861392,1149.606549,-156840.0421,1.22466E+13,1,3,7242167.839
363.2743295,132.0866159,-220434.2213,1.78545E+13,0.479113961,3,7369356.198
752.2074291,1382.074884,-216746.9618,1.78545E+13,0.562832162,2,5052484.225
420.8062457,1502.863554,-217498.4428,1.78545E+13,0.562832162,2,5053987.187
719.712512,121.0966932,-271947.0419,1.78545E+13,0.562832162,2,5162884.386
432.9614679,803.2760355,-211971.4911,1.78545E+13,0.562832162,2,5042933.284
1197.950995,1509.656542,-150978.6,1.22466E+13,1,3,7230444.955
59.59099741,230.6197988,-202530.069,1.22466E+13,1,3,7333547.893
336.0543231,1978.974915,-225329.3295,1.78545E+13,0.562832162,2,5069648.961
57.6050522,1960.47316,-262533.514,1.22466E+13,1,3,7453554.783
700.2558017,1631.545004,-166460.7213,1.22466E+13,1,3,7261409.198
631.9846222,1808.118284,-216383.1276,1.78545E+13,0.562832162,2,5051756.557
1294.467042,1350.594395,-148501.91,1.22466E+13,1,3,7225491.575
568.299086,1495.535741,-215357.8688,1.78545E+13,0.562832162,2,5049706.039
1450.59637,1020.584092,-250981.7028,1.78545E+13,0.562832162,2,5120953.707
1278.470898,206.7831743,-315243.0924,1.78545E+13,0.562832162,2,5249476.487
366.7805347,177.8083297,-215502.2157,1.78545E+13,0.562832162,2,5049994.733
1214.116455,1577.968754,-228806.1494,1.78545E+13,0.562832162,2,5076602.601
374.7384432,450.5118969,-209805.968,1.78545E+13,0.562832162,2,5038602.238
1824.170685,891.4283124,-150395.3774,1.22466E+13,1,3,7229278.51
721.17505,1894.697538,-216700.3513,1.78545E+13,0.562832162,2,5052391.004
1580.322452,818.1762942,-267682.9392,1.78545E+13,0.562832162,2,5154356.18
1846.238849,1456.367931,-259536.7719,1.78545E+13,0.562832162,2,5138063.846
1332.571758,622.4388504,-260279.0791,1.78545E+13,0.562832162,2,5139548.46
1011.412531,1029.91751,-227606.0129,1.78545E+13,0.562832162,2,5074202.328
1196.493595,1645.925856,-227489.9757,1.78545E+13,0.562832162,2,5073970.253
1564.848222,1639.55318,-241856.5656,1.78545E+13,0.562832162,2,5102703.433
1095.32793,938.1119507,-148451.101,1.22466E+13,1,3,7225389.957
1352.086524,1750.935006,-231781.7207,1.78545E+13,0.562832162,2,5082553.743
183.7275518,1862.111905,-219889.1853,1.22466E+13,1,3,7368266.126
700.4274136,1209.295542,-215951.3068,1.78545E+13,0.562832162,2,5050892.915
413.6765261,303.632715,-211992.9412,1.78545E+13,0.562832162,2,5042976.184
1009.746458,167.7569651,-293415.0773,1.78545E+13,0.562832162,2,5205820.456
1746.071793,979.6596889,-271102.3827,1.78545E+13,0.562832162,2,5161195.067
1168.884429,540.5464615,-152368.7935,1.22466E+13,1,3,7233225.342
1432.34202,1280.897164,-242968.8867,1.78545E+13,0.562832162,2,5104928.075
358.2801939,419.8601435,-209552.9858,1.78545E+13,0.562832162,2,5038096.273
908.1966604,627.4100946,-230506.1005,1.78545E+13,0.562832162,2,5080002.503
1712.061128,1509.13035,-251368.1815,1.78545E+13,0.562832162,2,5121726.665
438.5943089,1594.919801,-217728.6556,1.78545E+13,0.562832162,2,5054447.613
23.14896026,366.4094378,-233523.7376,1.22466E+13,1,3,7395535.23
467.8914054,1017.906575,-213242.4956,1.78545E+13,0.562832162,2,5045475.293
1507.630213,867.8775568,-260325.9302,1.78545E+13,0.562832162,2,5139642.162
823.9746428,335.3700197,-238769.3067,1.78545E+13,0.562832162,2,5096528.915
525.1874149,871.5555396,-212866.701,1.78545E+13,0.562832162,2,5044723.704
954.8369172,111.5931946,-318723.9022,1.78545E+13,0.562832162,2,5256438.106
99.30877101,1375.91169,-246889.4647,1.78545E+13,0.562832162,2,5112769.231
1772.179888,256.2818883,-362496.9586,1.78545E+13,0.562832162,2,5343984.219
34.42288121,234.385142,-216033.9771,1.22466E+13,1,3,7360555.709
1062.654873,1760.474262,-222571.0905,1.78545E+13,0.562832162,2,5064132.483
456.4351702,1825.769463,-218917.2987,1.78545E+13,0.562832162,2,5056824.899
1949.526784,450.7814569,-334103.1894,1.78545E+13,0.562832162,2,5287196.68
1837.782589,1821.306342,-250123.9388,1.78545E+13,0.562832162,2,5119238.179
719.5367803,420.8728087,-225589.6982,1.78545E+13,0.562832162,2,5070169.698
1845.122314,1786.473425,-146250.4428,1.22466E+13,1,3,7220988.641
642.3650108,409.3962353,-221084.6311,1.78545E+13,0.562832162,2,5061159.564
1176.654936,1624.283297,-227029.9031,1.78545E+13,0.562832162,2,5073050.108
991.3862576,735.1875417,-232429.5273,1.78545E+13,0.562832162,2,5083849.356
454.3853838,121.4314695,-233623.0953,1.78545E+13,0.562832162,2,5086236.492
1110.979583,183.2561524,-196010.2708,1.22466E+13,1,3,7320508.297
1122.27982,1516.789398,-152360.0005,1.22466E+13,1,3,7233207.756
1012.089248,1040.515062,-227479.1754,1.78545E+13,0.562832162,2,5073948.652
724.192731,1065.538012,-216791.9724,1.78545E+13,0.562832162,2,5052574.246
1032.316603,421.252701,-249654.4724,1.78545E+13,0.562832162,2,5118299.247
499.5979178,44.99587751,-302961.5894,1.78545E+13,0.562832162,2,5224913.48
1714.33808,189.751435,-387364.136,1.78545E+13,0.562832162,2,5393718.574
320.917021,585.4650526,-210973.133,1.78545E+13,0.562832162,2,5040936.568
1763.659109,1925.229979,-245010.2212,1.78545E+13,0.562832162,2,5109010.744
267.781679,492.9236519,-211037.7265,1.78545E+13,0.562832162,2,5041065.755
1962.860591,1539.395553,-263117.7457,1.78545E+13,0.562832162,2,5145225.793
1642.341272,658.128445,-282343.2955,1.78545E+13,0.562832162,2,5183676.893
26.51145729,1065.954984,-261029.2741,1.22466E+13,1,3,7450546.303
549.4575223,235.177,-159054.5052,1.22466E+13,1,3,7246596.766
976.6266122,536.0945057,-238388.1381,1.78545E+13,0.562832162,2,5095766.578
1536.578939,1210.056188,-249868.8382,1.78545E+13,0.450581911,3,7428225.432
1664.457048,532.0122238,-295503.3404,1.78545E+13,0.562832162,2,5209996.983
1777.460214,1889.643465,-147061.0416,1.22466E+13,1,3,7222609.838
958.3789811,1897.910153,-219617.9833,1.78545E+13,0.562832162,2,5058226.268
1785.961496,1398.835214,-258063.428,1.78545E+13,0.562832162,2,5135117.158
1094.20134,1101.10038,-230249.9494,1.78545E+13,0.562832162,2,5079490.2
1136.009549,1935.224862,-223482.116,1.78545E+13,0.562832162,2,5065954.534
1901.085483,954.0343108,-282892.8986,1.78545E+13,0.562832162,2,5184776.099
1167.879261,124.6961116,-345813.5135,1.78545E+13,0.562832162,2,5310617.329
1233.903085,1299.685406,-233304.4781,1.78545E+13,0.562832162,2,5085599.258
1213.215767,500.7851691,-258826.9731,1.78545E+13,0.562832162,2,5136644.248
708.6214193,930.5968267,-216897.2126,1.78545E+13,0.562832162,2,5052784.727
1031.54284,626.8039306,-238378.1761,1.78545E+13,0.562832162,2,5095746.654
431.9594571,1433.483732,-216667.1693,1.78545E+13,0.562832162,2,5052324.64
1247.056954,1041.434389,-238983.7428,1.78545E+13,0.562832162,2,5096957.787
507.9865973,374.4643817,-214654.048,1.78545E+13,0.562832162,2,5048298.398
1199.642411,1458.329396,-229657.8214,1.78545E+13,0.562832162,2,5078305.945
800.595743,135.5513208,-277148.7059,1.78545E+13,0.562832162,2,5173287.714
560.6265368,1345.101712,-168547.0449,1.19225E+13,0.875444726,4,9575079.298
179.9482365,798.3056541,-222592.43,1.78545E+13,0.562832162,2,5064175.162
1643.052938,1029.117154,-262364.8921,1.78545E+13,0.562832162,2,5143720.086
271.3834774,1370.400815,-223210.3232,1.78545E+13,0.562832162,2,5065410.948
1044.782355,483.7519331,-246306.5565,1.78545E+13,0.562832162,2,5111603.415
1490.914566,416.007046,-292930.0658,1.78545E+13,0.562832162,2,5204850.433
1360.985529,1647.661172,-149719.2357,1.22466E+13,1,3,7227926.227
1269.174069,91.33388215,-406516.3709,1.78545E+13,0.562832162,2,5432023.043
72.86627649,613.6042465,-237120.7898,1.78545E+13,0.562832162,2,5093231.881
1141.441639,296.6404455,-274887.3592,1.78545E+13,0.562832162,2,5168765.02
237.1630891,775.7269696,-217174.2358,1.78545E+13,0.562832162,2,5053338.773
1157.191132,1009.125931,-235019.6124,1.78545E+13,0.562832162,2,5089029.527
1058.888688,158.6480826,-304976.9705,1.78545E+13,0.562832162,2,5228944.243
1389.127256,613.6709641,-152765.0772,1.22466E+13,1,3,7234017.909
253.3279995,1278.601646,-195531.1226,1.22466E+13,1,3,7319550
1059.047898,1241.396168,-150919.2967,1.22466E+13,1,3,7230326.349
1995.351815,623.5348284,-315401.0889,1.78545E+13,0.562832162,2,5249792.48
307.8355272,1870.801993,-200045.5595,1.22466E+13,1,3,7328578.874
860.3071611,1659.163377,-218318.6041,1.78545E+13,0.562832162,2,5055627.51
156.0383872,891.0636053,-227387.1458,1.78545E+13,0.562832162,2,5073764.593
38.97341231,1523.467881,-264279.194,1.22466E+13,1,3,7457046.143
801.7108057,664.2711764,-223623.2105,1.78545E+13,0.562832162,2,5066236.723
933.2562044,1832.302277,-219308.2431,1.78545E+13,0.562832162,2,5057606.788
425.7008999,635.6601417,-211001.0165,1.78545E+13,0.562832162,2,5040992.335
1363.791355,845.6158999,-251798.2298,1.78545E+13,0.562832162,2,5122586.761
138.7403363,155.512938,-176503.5196,1.22466E+13,1,3,7281494.794
1995.173908,1394.370115,-269542.0864,1.78545E+13,0.562832162,2,5158074.475
332.0300067,1168.072602,-217411.7144,1.78545E+13,0.562832162,2,5053813.73
826.0490338,297.8772668,-242572.8711,1.78545E+13,0.562832162,2,5104136.044
1215.26082,1565.85475,-228981.408,1.78545E+13,0.562832162,2,5076953.118
1024.276453,893.1538181,-230594.3013,1.78545E+13,0.562832162,2,5080178.904
1872.703152,1489.658273,-259938.7669,1.78545E+13,0.562832162,2,5138867.835
23.44061821,662.017207,-248773.3471,1.22466E+13,1,3,7426034.449
165.2178192,3.86501678,-311088.6971,1.78545E+13,0.562832162,2,5241167.696
1458.257472,829.9921226,-258685.6298,1.78545E+13,0.562832162,2,5136361.561
1608.067039,1686.875812,-242844.0635,1.78545E+13,0.562832162,2,5104678.429
1639.460261,987.2621891,-263835.1265,1.78545E+13,0.562832162,2,5146660.555
500.0365817,1812.540982,-180765.8027,1.22466E+13,1,3,7290019.361
973.8588947,278.9039132,-165977.685,1.22466E+13,1,3,7260443.125
1421.833662,961.5763337,-251223.8449,1.78545E+13,0.562832162,2,5121437.992
15.59810794,1677.29468,-281407.7641,1.22466E+13,0.573790253,2,5181805.83
332.2035972,1784.12414,-195576.2725,1.22466E+13,1,3,7319640.3
1274.773994,953.0423955,-242804.4718,1.78545E+13,0.562832162,2,5104599.245
1964.734645,26.03730398,-1001827.699,1.78545E+13,0.562832162,2,6622645.699
229.4449453,18.0952186,-279535.4214,1.78545E+13,0.562832162,2,5178061.144
1040.916175,1029.231929,-228961.4842,1.78545E+13,0.562832162,2,5076913.27
218.9095549,416.8414389,-174838.0763,1.22466E+13,1,3,7278163.908
443.0288075,1521.199324,-217068.7648,1.78545E+13,0.562832162,2,5053127.831
1675.066851,1861.380887,-242544.5429,1.78545E+13,0.562832162,2,5104079.388
220.2302818,1955.107023,-234847.9354,1.78545E+13,0.562832162,2,5088686.173
182.0981437,581.6913559,-217871.7134,1.78545E+13,0.562832162,2,5054733.729
1025.268919,681.4676694,-236047.4852,1.78545E+13,0.562832162,2,5091085.272
361.2759451,1552.619862,-220050.4677,1.78545E+13,0.562832162,2,5059091.237
1858.848221,1950.69707,-248367.9347,1.78545E+13,0.470604253,3,7425223.624
1543.929378,1478.271675,-244060.2325,1.78545E+13,0.562832162,2,5107110.767
834.0970165,1236.953329,-155939.981,1.22466E+13,1,3,7240367.717
742.3304093,1803.979954,-167068.0319,1.22466E+13,1,3,7262623.819
827.6769257,1360.514351,-218414.2937,1.78545E+13,0.562832162,2,5055818.889
317.9051728,1808.881544,-197706.3839,1.22466E+13,1,3,7323900.523
1294.542202,1250.087779,-147950.389,1.22466E+13,1,3,7224388.533
1960.250397,1899.241524,-253793.5098,1.78545E+13,0.562832162,2,5126577.321
88.33098954,585.705526,-232330.223,1.78545E+13,0.562832162,2,5083650.748
1029.273669,1734.312419,-221842.8386,1.78545E+13,0.562832162,2,5062675.979
53.21976698,1115.309069,-245043.3557,1.22466E+13,1,3,7418574.467
109.6685085,1860.288034,-239125.36,1.22466E+13,1,3,7406738.475
1057.452348,772.0789097,-235277.9296,1.78545E+13,0.562832162,2,5089546.161
122.5273753,1646.143194,-230770.7726,1.22466E+13,1,3,7390029.3
1595.087328,287.5779968,-329574.8292,1.78545E+13,0.562832162,2,5278139.96
941.974978,266.3258885,-258470.0181,1.78545E+13,0.562832162,2,5135930.338
1967.765105,1120.999811,-147842.0134,1.22466E+13,1,3,7224171.782
1777.962338,1331.280715,-145976.6282,1.22466E+13,1,3,7220441.011
207.0405489,1534.760196,-208793.3126,1.22466E+13,1,3,7346074.38
565.5076449,290.0449196,-221391.6515,1.78545E+13,0.562832162,2,5061773.605
305.2341574,660.6914713,-212251.7158,1.78545E+13,0.562832162,2,5043493.733
902.4299097,1229.081273,-154021.1803,1.22466E+13,1,3,7236530.116
918.4297893,123.6475044,-303075.6754,1.78545E+13,0.562832162,2,5225141.652
1982.222219,1400.767905,-268601.4687,1.78545E+13,0.562832162,2,5156193.239
594.9750206,958.5411545,-160280.5064,1.22466E+13,1,3,7249048.768
651.3140524,982.7687616,-215196.8705,1.78545E+13,0.562832162,2,5049384.043
1950.946104,693.54774,-304783.0562,1.78545E+13,0.562832162,2,5228556.414
528.4597595,1597.895632,-216121.1906,1.78545E+13,0.562832162,2,5051232.683
831.0340155,904.7982702,-221476.1743,1.78545E+13,0.562832162,2,5061942.65
1061.183703,872.1780027,-148373.6005,1.22466E+13,0.985229406,4,9534732.41
626.0981579,1496.092816,-215398.3561,1.78545E+13,0.562832162,2,5049787.014
1294.926536,1137.765406,-239262.7754,1.78545E+13,0.562832162,2,5097515.852
224.8739456,1022.012005,-222095.6139,1.78545E+13,0.562832162,2,5063181.53
286.64187,1493.9083,-195612.0073,1.22466E+13,1,3,7319711.77
1725.913654,109.2220136,-473208.1348,1.78545E+13,0.562832162,2,5565406.571
1738.692714,1862.933387,-245110.2406,1.78545E+13,0.562832162,2,5109210.783
192.2215396,209.4392253,-209574.0101,1.78545E+13,0.562832162,2,5038138.322
1799.594597,1331.181327,-145969.9899,1.22466E+13,1,3,7220427.735
1411.353514,661.0029092,-263993.0696,1.78545E+13,0.562832162,2,5146976.441
226.4985909,88.78028773,-217276.1057,1.78545E+13,0.562832162,2,5053542.513
443.4722053,1709.075586,-218442.1745,1.78545E+13,0.562832162,2,5055874.651
1103.912756,637.1923938,-242853.6387,1.78545E+13,0.562832162,2,5104697.579
243.9375075,113.5205564,-214338.1157,1.78545E+13,0.562832162,2,5047666.533
1441.867492,1649.144491,-236575.5587,1.78545E+13,0.562832162,2,5092141.419
67.47722674,1363.546573,-244603.8547,1.22466E+13,1,3,7417695.465
1433.880579,1721.540588,-149333.6835,1.22466E+13,1,3,7227155.122
413.5190572,1175.515307,-215007.8425,1.78545E+13,0.562832162,2,5049005.987
433.1936549,1428.886432,-179185.417,1.22466E+13,1,3,7286858.589
712.404772,43.28608094,-370231.1596,1.78545E+13,0.562832162,2,5359452.621
1807.026384,1928.287908,-246720.6831,1.78545E+13,0.562832162,2,5112431.668
1005.218695,703.3283358,-234137.4902,1.78545E+13,0.562832162,2,5087265.282
1606.169087,1521.29333,-246045.6961,1.78545E+13,0.562832162,2,5111081.694
1828.265894,264.5463815,-366693.3071,1.78545E+13,0.562832162,2,5352376.916
1309.286911,1126.651779,-240249.234,1.78545E+13,0.562832162,2,5099488.77
1793.605308,233.9398108,-374902.971,1.78545E+13,0.562832162,2,5368796.244
1641.388373,567.4926933,-289894.1874,1.78545E+13,0.562832162,2,5198778.677
1126.781176,1271.223678,-229160.3434,1.78545E+13,0.562832162,2,5077310.989
625.2146271,1619.286764,-215763.4316,1.78545E+13,0.562832162,2,5050517.165
317.8092578,0.821706654,-353420.4593,1.22466E+13,0.562832162,2,5325831.22
972.7331726,1059.091613,-225519.6536,1.78545E+13,0.562832162,2,5070029.609
1773.076917,1229.68387,-262742.6736,1.78545E+13,0.562832162,2,5144475.649
245.6220643,976.9582378,-189105.318,1.22466E+13,1,3,7306698.391
189.8395413,1802.063408,-217494.1919,1.22466E+13,1,3,7363476.139
1710.632286,1989.501673,-241840.4294,1.78545E+13,0.562832162,2,5102671.161
1925.612195,1596.749104,-145606.6028,1.22466E+13,1,3,7219700.961
196.2639958,26.14500812,-250581.2842,1.78545E+13,0.562832162,2,5120152.87
1212.306202,287.3223238,-284484.914,1.78545E+13,0.562832162,2,5187960.13
1012.482204,1170.260258,-151084.3441,1.22466E+13,1,3,7230656.443
546.220086,1317.072977,-169269.5475,1.22466E+13,1,3,7267026.85
1852.895748,1517.293674,-258145.4402,1.78545E+13,0.562832162,2,5135281.182
1013.015226,783.7918,-232420.4751,1.78545E+13,0.562832162,2,5083831.252
230.9212012,256.3729585,-167988.9417,1.22466E+13,1,3,7264465.639
1386.53514,1604.102259,-235029.6603,1.78545E+13,0.562832162,2,5089049.622
1416.624113,465.6037546,-279848.2315,1.78545E+13,0.562832162,2,5178686.765
1168.994311,377.2203468,-266287.0159,1.78545E+13,0.562832162,2,5151564.334
1109.457655,1959.248294,-157115.5536,1.22466E+13,1,3,7242718.862
1979.248279,1542.191911,-263877.7439,1.78545E+13,0.562832162,2,5146745.789
641.8887373,145.7143948,-176750.9327,1.22466E+13,1,3,7281989.621
640.8025783,1086.826918,-214901.4703,1.78545E+13,0.562832162,2,5048793.242
692.6969419,447.5568565,-152358.0078,1.22466E+13,1,3,7233203.771
1779.464757,191.3626958,-396306.9177,1.78545E+13,0.562832162,2,5411604.137
981.7554719,1544.580714,-155721.9631,1.22466E+13,1,3,7239931.681
549.9416287,827.1455971,-213172.8352,1.78545E+13,0.562832162,2,5045335.972
1918.218772,1161.337066,-274024.5434,1.78545E+13,0.562832162,2,5167039.389
943.4351798,289.4111535,-255116.8133,1.78545E+13,0.562832162,2,5129223.928
276.7652773,409.0359217,-209687.9531,1.78545E+13,0.562832162,2,5038366.208
1494.258951,434.7503347,-290786.8669,1.78545E+13,0.562832162,2,5200564.036
146.7752163,612.816951,-222607.9777,1.78545E+13,0.562832162,2,5064206.257
1755.245019,329.4555334,-337610.5996,1.78545E+13,0.562832162,2,5294211.501
259.525699,1569.047108,-200908.402,1.22466E+13,1,3,7330304.559
10.96564704,963.851033,-271386.6245,1.22466E+13,0.573790253,2,5161763.551
1372.327876,766.3958858,-255682.427,1.78545E+13,0.562832162,2,5130355.156
1338.784911,960.5194834,-246297.8976,1.78545E+13,0.562832162,2,5111586.097
1478.795669,1367.256326,-243335.3152,1.78545E+13,0.562832162,2,5105660.932
1300.576326,521.5738804,-155094.84,1.22466E+13,1,3,7238677.435
1695.116647,404.7257802,-315508.1663,1.78545E+13,0.562832162,2,5250006.634
1807.726798,1450.543332,-257708.9117,1.78545E+13,0.562832162,2,5134408.125
198.7345703,798.762387,-191335.0081,1.22466E+13,1,3,7311157.771
938.3035041,755.7436503,-228956.411,1.78545E+13,0.562832162,2,5076903.124
568.2246533,1672.742978,-173995.502,1.22466E+13,1,3,7276478.759
96.11376435,884.4653465,-219257.7491,1.22466E+13,1,3,7367003.253
1693.028445,547.6266483,-296443.526,1.78545E+13,0.562832162,2,5211877.354
256.9860418,1584.673682,-226915.7796,1.78545E+13,0.562832162,2,5072821.861
240.6041776,1456.10443,-226779.4066,1.78545E+13,0.562832162,2,5072549.115
1737.444961,458.2429651,-311514.9075,1.78545E+13,0.562832162,2,5242020.117
305.7006864,1534.797668,-222796.2156,1.78545E+13,0.562832162,2,5064582.733
1346.796754,1591.276484,-233637.4168,1.78545E+13,0.562832162,2,5086265.135
1906.29925,1531.969831,-260440.8553,1.78545E+13,0.562832162,2,5139872.012
470.2951766,1683.535978,-180842.929,1.22466E+13,1,3,7290173.613
1553.993451,418.5222183,-298883.6226,1.78545E+13,0.562832162,2,5216757.547
173.9843454,1388.477443,-233329.7329,1.78545E+13,0.562832162,2,5085649.768
1484.973983,1432.110011,-242269.0264,1.78545E+13,0.562832162,2,5103528.355
1869.978849,631.1075528,-303689.9411,1.78545E+13,0.562832162,2,5226370.184
1276.30661,1564.572434,-231264.6369,1.78545E+13,0.562832162,2,5081519.576
1104.06006,432.576173,-254906.7295,1.78545E+13,0.562832162,2,5128803.761
1431.984018,1347.270691,-241516.8321,1.78545E+13,0.562832162,2,5102023.966
1181.229318,786.562737,-242330.4245,1.78545E+13,0.562832162,2,5103651.151
1334.516367,627.442059,-260129.5005,1.78545E+13,0.562832162,2,5139249.303
561.6623282,391.4237093,-216983.9954,1.78545E+13,0.562832162,2,5052958.292
1061.408494,1813.909374,-222246.5401,1.78545E+13,0.562832162,2,5063483.382
939.9480858,269.482832,-256767.7564,1.78545E+13,0.548412007,3,7442023.268
30.01168429,158.8850906,-212342.5621,1.22466E+13,1,3,7353172.879
1268.157664,239.6836337,-302733.6041,1.78545E+13,0.562832162,2,5224457.51
1537.631191,372.8863569,-304329.7225,1.78545E+13,0.562832162,2,5227649.747
1574.969276,502.7643687,-290461.48,1.78545E+13,0.562832162,2,5199913.262
723.5502906,1446.43095,-216241.6516,1.78545E+13,0.562832162,2,5051473.605
178.5443,604.5743093,-218722.219,1.78545E+13,0.562832162,2,5056434.74
1382.382955,466.0549299,-276657.64,1.78545E+13,0.562832162,2,5172305.582
1895.585261,697.7738716,-299839.2812,1.78545E+13,0.562832162,2,5218668.864
1889.55992,1683.581725,-255594.299,1.78545E+13,0.562832162,2,5130178.9
1770.323179,656.3839515,-292978.8893,1.78545E+13,0.562832162,2,5204948.08
360.2938986,621.1399932,-210855.9773,1.78545E+13,0.562832162,2,5040702.256
1837.571755,1269.171237,-265059.7246,1.78545E+13,0.562832162,2,5149109.751
1408.630437,1353.542442,-240284.1829,1.78545E+13,0.562832162,2,5099558.668
1710.924891,1245.256935,-258695.6096,1.78545E+13,0.562832162,2,5136381.521
244.7520474,1453.39593,-226374.2482,1.78545E+13,0.562832162,2,5071738.798
583.333266,1962.428582,-177533.3385,1.22466E+13,1,3,7283554.432
1165.62742,1264.60106,-230885.8429,1.78545E+13,0.562832162,2,5080761.988
1848.474491,1678.681832,-145947.2078,1.22466E+13,1,3,7220382.171
581.5574192,1760.884276,-174588.8223,1.22466E+13,1,3,7277665.4
1573.60744,1677.15588,-147637.8479,1.22466E+13,1,3,7223763.451
1966.307198,749.3045739,-301328.5287,1.78545E+13,0.562832162,2,5221647.359
696.7019473,12.6201119,-467344.0875,1.78545E+13,0,1,3244181.023
1927.993302,1811.655634,-254325.5578,1.78545E+13,0.562832162,2,5127641.417
1892.734774,726.2227268,-297271.358,1.78545E+13,0.562832162,2,5213533.018
380.2527209,1606.02892,-187238.1034,1.22466E+13,1,3,7302963.962
318.0109756,1361.853777,-188986.2157,1.22466E+13,1,3,7306460.187
722.1128741,211.7962744,-244062.4556,1.78545E+13,0.562832162,2,5107115.213
1356.307598,349.3713263,-289052.1152,1.78545E+13,0.562832162,2,5197094.532
1353.008783,568.0319958,-265450.2504,1.78545E+13,0.562832162,2,5149890.802
540.8030822,373.8455638,-216347.546,1.78545E+13,0.562832162,2,5051685.394
1596.001755,1341.756698,-249758.7812,1.78545E+13,0.562832162,2,5118507.864
1322.170989,1771.621299,-151231.4697,1.22466E+13,1,3,7230950.695
1678.116768,1382.275885,-252910.6138,1.78545E+13,0.562832162,2,5124811.529
881.0173173,1468.852314,-157555.4752,1.22466E+13,1,3,7243598.706
1066.082482,1907.042806,-157626.7858,1.22466E+13,1,3,7243741.327
316.6823236,1744.000345,-196680.2278,1.22466E+13,1,3,7321848.211
123.8991946,1051.472918,-215713.9469,1.22466E+13,1,3,7359915.649
643.7501219,14.43375367,-449011.1522,1.78545E+13,0,1,3207515.153
1988.232473,492.9907229,-331254.555,1.78545E+13,0.562832162,2,5281499.412
1123.560901,1392.959582,-227534.905,1.78545E+13,0.562832162,2,5074060.112
800.194929,1305.123639,-217931.6733,1.78545E+13,0.562832162,2,5054853.648
1313.658809,533.3563149,-264752.4666,1.78545E+13,0.562832162,2,5148495.235
203.208794,1448.188751,-207624.5108,1.22466E+13,1,3,7343736.777
1510.515891,1532.541602,-147448.3837,1.22466E+13,1,3,7223384.523
1282.709447,566.3463242,-259904.1061,1.78545E+13,0.562832162,2,5138798.514
1611.349343,350.4948356,-180945.6307,1.22466E+13,1,3,7290379.017
478.2995102,83.00325757,-254006.2831,1.6643E+13,0.557311735,3,7436500.321
1244.643782,1478.14072,-231154.555,1.78545E+13,0.562832162,2,5081299.412
