A,K,VLL,ELBO,ARI,Clusters,BIC
836.4018078,1763.668576,-2120754.312,1.78545E+13,0.562832162,2,8860498.925
1315.379224,1892.546711,-2628167.103,1.78545E+13,0.562832162,2,9875324.508
853.5129177,1979.316085,-2010010.448,1.78545E+13,0.562832162,2,8639011.197
1864.765137,663.2042282,-6121088.916,1.78545E+13,0.562832162,2,16861168.13
1406.380593,702.5427041,-5098840.923,1.78545E+13,0.562832162,2,14816672.15
950.1872855,685.1718262,-4143512.897,1.78545E+13,0.562832162,2,12906016.09
1832.21456,670.3625534,-6025963.5,1.78545E+13,0.562832162,2,16670917.3
424.0489445,1140.450866,-1814349.133,1.78545E+13,0.562832162,2,8247688.568
1123.0225,1596.038828,-2665030.307,1.78545E+13,0.562832162,2,9949050.915
1736.736158,738.7765028,-5504253.096,1.78545E+13,0.562832162,2,15627496.49
238.5187896,1294.902721,-1196222.17,1.78545E+13,0.562832162,2,7011434.641
736.2399236,912.2031219,-2946081.555,1.78545E+13,0.562832162,2,10511153.41
1041.354869,680.0024818,-4396605.728,1.78545E+13,0.562832162,2,13412201.76
871.6957236,527.1505301,-4656182.7,1.78545E+13,0.562832162,2,13931355.7
789.1544924,844.8305085,-3230702.327,1.78545E+13,0.562832162,2,11080394.96
450.6407169,1590.92954,-1548408.865,1.78545E+13,0.562832162,2,7715808.032
1555.966711,1722.125355,-3031766.827,1.78545E+13,0.562832162,2,10682523.96
518.4985086,1048.916815,-2165904.092,1.78545E+13,0.562832162,2,8950798.487
655.4645182,1470.202399,-2038344.191,1.78545E+13,0.562832162,2,8695678.684
16.82075505,1036.489629,-577527.74,1.78545E+13,0.372105671,7,17321533.05
1623.477414,1927.895689,-2898583.041,1.78545E+13,0.562832162,2,10416156.38
202.0538605,616.1958891,-1683043.95,1.78545E+13,0.562832162,2,7985078.202
1979.768755,1359.906539,-3941339.31,1.78545E+13,0.562832162,2,12501668.92
111.6488276,1835.806347,-698290.2095,1.78545E+13,0.445780022,3,8325068.174
1283.377417,647.5308934,-5115758.16,1.78545E+13,0.562832162,2,14850506.62
553.8281383,1484.289049,-1828178.177,1.78545E+13,0.562832162,2,8275346.655
248.3304571,315.9987224,-2805120.436,1.78545E+13,0.548412007,3,12538728.63
417.6855162,560.5485838,-2798702.277,1.78545E+13,0.562832162,2,10216394.86
240.532836,1368.061008,-1165593.831,1.78545E+13,0.521953836,3,9259675.417
1447.401147,1826.675682,-2821343.776,1.78545E+13,0.562832162,2,10261677.85
352.7135452,1593.71477,-1335272.185,1.78545E+13,0.562832162,2,7289534.671
1742.297347,1717.622448,-3212363.96,1.78545E+13,0.562832162,2,11043718.22
110.0699973,1651.168829,-728634.6071,1.78545E+13,0.456326504,3,8385756.969
379.3171501,256.2475662,-4120271.536,1.78545E+13,0.562832162,2,12859533.37
1931.907836,1062.344926,-4564933.352,1.78545E+13,0.562832162,2,13748857.01
1666.805299,328.8053411,-8979158.712,1.78545E+13,0.562832162,2,22577307.73
775.791202,1203.231868,-2552357.437,1.78545E+13,0.562832162,2,9723705.176
1215.368407,814.144429,-4270923.736,1.78545E+13,0.562832162,2,13160837.77
884.9891369,386.993445,-5690692.079,1.78545E+13,0.562832162,2,16000374.46
1527.136087,158.983936,-12132405.19,1.78545E+13,0.562832162,2,28883800.68
518.3265432,283.5869971,-4811330.562,1.78545E+13,0.562832162,2,14241651.43
1647.272042,1351.799184,-3619155.764,1.78545E+13,0.562832162,2,11857301.83
1571.168019,144.1015623,-12735946.41,1.78545E+13,0.562832162,2,30090883.13
645.3083421,1075.436341,-2445134.109,1.78545E+13,0.562832162,2,9509258.521
759.4549703,211.6589463,-7135893.528,1.78545E+13,0.562832162,2,18890777.36
319.4853996,1247.73318,-1447024.489,1.78545E+13,0.562832162,2,7513039.28
1502.502281,495.8741334,-6622908.49,1.78545E+13,0.562832162,2,17864807.28
49.00615516,1102.350054,-676827.564,1.78545E+13,0.386594526,5,12901137.79
1096.589264,1761.849403,-2480163.491,1.78545E+13,0.562832162,2,9579317.284
1959.805833,880.9840947,-5196712.498,1.78545E+13,0.562832162,2,15012415.3
69.29871909,741.2046085,-916392.754,1.78545E+13,0.418150768,5,13380268.17
686.9766539,1345.317761,-2212672.3,1.78545E+13,0.562832162,2,9044334.901
415.2077253,32.35765907,-5372951.88,1.78545E+13,0.562832162,2,15364894.06
1307.58425,1502.03162,-3006044.963,1.78545E+13,0.562832162,2,10631080.23
758.6712087,869.249208,-3095786.702,1.78545E+13,0.562832162,2,10810563.71
617.6046069,1597.229474,-1872236.227,1.78545E+13,0.562832162,2,8363462.755
1038.958902,693.51931,-4334661.663,1.78545E+13,0.562832162,2,13288313.63
264.6499622,154.0507442,-4031537.738,1.78545E+13,0.562832162,2,12682065.78
1587.496967,1542.94698,-3272754.419,1.78545E+13,0.562832162,2,11164499.14
526.6902298,1435.831387,-1807546.778,1.78545E+13,0.562832162,2,8234083.859
1248.318548,177.0641377,-10418944.26,1.78545E+13,0.562832162,2,25456878.82
1328.080709,740.5602556,-4774239.313,1.78545E+13,0.562832162,2,14167468.93
1838.962759,1113.867524,-4323379.456,1.78545E+13,0.562832162,2,13265749.21
379.0392366,719.4173518,-2249384.032,1.78545E+13,0.562832162,2,9117758.367
1174.042327,670.1059136,-4757892.287,1.78545E+13,0.562832162,2,14134774.88
458.1470962,667.7001666,-2661666.988,1.78545E+13,0.562832162,2,9942324.277
878.6715698,1632.638509,-2283737.006,1.78545E+13,0.562832162,2,9186464.313
291.0762471,1774.930337,-1127334,1.78545E+13,0.562832162,2,6873658.301
1152.25582,1976.29425,-2386121.983,1.78545E+13,0.562832162,2,9391234.267
1845.371129,1411.944759,-3723641.924,1.78545E+13,0.562832162,2,12066274.15
876.2788589,1461.248302,-2436347.582,1.78545E+13,0.562832162,2,9491685.465
1605.331073,1007.593515,-4313064.644,1.78545E+13,0.562832162,2,13245119.59
756.6814763,355.8104315,-5421884.138,1.78545E+13,0.562832162,2,15462758.58
1405.683723,600.9908757,-5645851.35,1.78545E+13,0.562832162,2,15910693
1875.502157,569.8158092,-6779526.758,1.78545E+13,0.562832162,2,18178043.82
1502.448223,524.1595808,-6392068.712,1.78545E+13,0.562832162,2,17403127.73
362.5094542,156.353894,-4938260.815,1.78545E+13,0.562832162,2,14495511.93
510.7898694,964.7344102,-2260699.952,1.78545E+13,0.562832162,2,9140390.205
1564.588784,754.7501615,-5146163.013,1.78545E+13,0.562832162,2,14911316.33
758.945958,544.7114672,-4184377.226,1.78545E+13,0.562832162,2,12987744.75
855.5194241,1190.125509,-2726003.94,1.78545E+13,0.562832162,2,10070998.18
920.2192525,666.577753,-4137764.707,1.78545E+13,0.562832162,2,12894519.72
116.9790169,1596.16579,-758491.6247,1.78545E+13,0.450581911,3,8445471.005
84.58700947,1686.407793,-656011.2235,1.78545E+13,0.437102696,3,8240510.202
650.1357497,751.7523455,-3086734.342,1.78545E+13,0.562832162,2,10792458.99
1898.423202,1840.938392,-3212264.792,1.78545E+13,0.562832162,2,11043519.89
588.7665443,1741.936795,-1730363.753,1.78545E+13,0.562832162,2,8079717.808
1288.170236,1697.576586,-2769832.86,1.78545E+13,0.562832162,2,10158656.02
268.4094376,1036.488275,-1455203.905,1.78545E+13,0.562832162,2,7529398.111
1175.527836,689.4268581,-4673654.541,1.78545E+13,0.562832162,2,13966299.38
1220.284804,19.31366871,-8312049.011,1.78545E+13,0.562832162,2,21243088.32
782.1919413,663.2486662,-3757850.891,1.78545E+13,0.562832162,2,12134692.08
1942.089518,1154.381246,-4336322.596,1.78545E+13,0.562832162,2,13291635.49
1662.761883,646.6816068,-5878186.943,1.78545E+13,0.562832162,2,16375364.19
282.0701188,577.2406187,-2139902.049,1.78545E+13,0.562832162,2,8898794.4
133.5635987,1353.664035,-870571.8413,1.78545E+13,0.441928832,3,8669631.438
27.2161431,945.0388261,-641983.0537,1.78545E+13,0.39354645,4,10521951.32
1271.569935,986.2423891,-3864110.655,1.78545E+13,0.562832162,2,12347211.61
1772.373934,1902.189529,-3049765.621,1.78545E+13,0.562832162,2,10718521.54
677.4788187,1736.218504,-1887182.449,1.78545E+13,0.562832162,2,8393355.2
1229.831776,603.8878677,-5227510.355,1.78545E+13,0.562832162,2,15074011.01
1440.948274,981.2706997,-4148177.061,1.78545E+13,0.562832162,2,12915344.42
1906.90504,493.5625366,-7497416.169,1.78545E+13,0.562832162,2,19613822.64
1488.841621,1805.982352,-2881982.924,1.78545E+13,0.562832162,2,10382956.15
209.5515772,86.6386385,-3936120.065,1.78545E+13,0.548412007,3,14800727.89
835.2367378,620.2781277,-4086430.53,1.78545E+13,0.562832162,2,12791851.36
271.2085705,338.3966527,-2857462.003,1.78545E+13,0.562832162,2,10333914.31
583.5553342,1392.059604,-1961009.338,1.78545E+13,0.562832162,2,8541008.978
1492.265924,49.87644215,-13504631.38,1.78545E+13,0.562832162,2,31628253.06
1074.970216,154.5457186,-10045004.45,1.78545E+13,0.488519575,3,27018496.66
540.1412968,110.7971415,-7102438.729,1.78545E+13,0.562832162,2,18823867.76
351.8200646,1602.117107,-1329395.508,1.78545E+13,0.562832162,2,7277781.317
1109.74293,1606.197231,-2637275.365,1.78545E+13,0.562832162,2,9893541.032
503.0363232,1654.246872,-1619239.114,1.78545E+13,0.562832162,2,7857468.531
601.141796,1913.761352,-1662539.745,1.78545E+13,0.562832162,2,7944069.791
1488.940636,1299.984569,-3522578.999,1.78545E+13,0.562832162,2,11664148.3
171.0331532,138.2266158,-3173533.713,1.78545E+13,0.562832162,2,10966057.73
799.8087447,131.619677,-8804045.197,1.78545E+13,0.562832162,2,22227080.7
1633.009597,1543.575605,-3318849.271,1.78545E+13,0.562832162,2,11256688.84
583.3911347,1994.023996,-1596551.268,1.78545E+13,0.562832162,2,7812092.837
530.9429464,1737.119224,-1627708.386,1.78545E+13,0.562832162,2,7874407.075
475.7451907,687.8221575,-2676202.633,1.78545E+13,0.562832162,2,9971395.567
195.935478,450.8165212,-1988162.238,1.78545E+13,0.562832162,2,8595314.777
408.6338644,284.7224412,-4100531.29,1.78545E+13,0.562832162,2,12820052.88
416.4294062,1768.207851,-1392030.675,1.78545E+13,0.562832162,2,7403051.651
1200.669244,830.5873604,-4186597.082,1.78545E+13,0.562832162,2,12992184.47
1390.183342,1893.297397,-2705585.725,1.78545E+13,0.562832162,2,10030161.75
1275.095342,1612.042248,-2841054.778,1.78545E+13,0.562832162,2,10301099.86
1533.005526,1273.248185,-3623451.116,1.78545E+13,0.562832162,2,11865892.53
819.8297998,1597.417749,-2220568.774,1.78545E+13,0.562832162,2,9060127.85
1163.045435,202.4782841,-9452992.182,1.78545E+13,0.562832162,2,23524974.67
1658.958728,727.5804487,-5433102.068,1.78545E+13,0.562832162,2,15485194.44
392.4699081,659.2757774,-2429210.291,1.78545E+13,0.562832162,2,9477410.883
706.0854185,707.499003,-3381120.89,1.78545E+13,0.562832162,2,11381232.08
350.1785158,479.8987541,-2747458.985,1.78545E+13,0.562832162,2,10113908.27
1239.050314,1349.341989,-3118967.796,1.78545E+13,0.562832162,2,10856925.89
304.5528994,869.5831098,-1744771.002,1.78545E+13,0.562832162,2,8108532.306
112.9763835,1069.148525,-914288.4249,1.78545E+13,0.456326504,3,8757064.605
1136.844756,1520.510246,-2762967.564,1.78545E+13,0.562832162,2,10144925.43
1251.213297,1431.312687,-3023164.077,1.78545E+13,0.562832162,2,10665318.45
200.4555921,1915.40796,-888530.5039,1.78545E+13,0.479113961,3,8705548.763
243.5270678,1946.235353,-975175.7505,1.78545E+13,0.562832162,2,6569341.803
1585.386123,488.6208027,-6876726.518,1.78545E+13,0.562832162,2,18372443.34
994.8671955,1942.208011,-2219314.394,1.78545E+13,0.562832162,2,9057619.091
179.42924,633.2818617,-1547839.557,1.78545E+13,0.509956564,3,10024166.87
1323.4581,1525.168541,-2997521.991,1.78545E+13,0.562832162,2,10614034.28
1663.480721,1515.11138,-3388086.879,1.78545E+13,0.562832162,2,11395164.06
190.7326685,163.3087123,-3212591.149,1.78545E+13,0.562832162,2,11044172.6
957.9128194,644.6326363,-4332004.762,1.78545E+13,0.562832162,2,13282999.83
658.297377,1652.33446,-1908316.08,1.78545E+13,0.562832162,2,8435622.462
205.0808441,969.417013,-1297329.496,1.78545E+13,0.488519575,3,9523146.748
1547.133916,1255.614462,-3672928.075,1.78545E+13,0.562832162,2,11964846.45
1714.945929,1492.196814,-3472037.521,1.78545E+13,0.562832162,2,11563065.34
1512.480253,526.5732622,-6395750.006,1.78545E+13,0.562832162,2,17410490.31
6.600672098,928.8981138,-564149.9051,1.78545E+13,0.347858553,8,19604274.83
1692.769484,1609.597326,-3293602.008,1.78545E+13,0.562832162,2,11206194.32
317.5912255,300.3142327,-3376128.838,1.78545E+13,0.562832162,2,11371247.98
1033.505766,653.815265,-4490498.958,1.78545E+13,0.562832162,2,13599988.22
413.5377591,530.6468912,-2877007.846,1.78545E+13,0.562832162,2,10373005.99
1955.707148,1758.262581,-3347152.233,1.78545E+13,0.562832162,2,11313294.77
1945.5379,1658.646995,-3458026.624,1.78545E+13,0.562832162,2,11535043.55
1316.693657,222.512644,-9717736.047,1.78545E+13,0.562832162,2,24054462.4
1527.032133,1377.662421,-3441287.246,1.78545E+13,0.562832162,2,11501564.79
1532.243275,322.8083401,-8684015.527,1.78545E+13,0.562832162,2,21987021.35
144.4459573,1847.436155,-774479.5433,1.78545E+13,0.450581911,3,8477446.842
511.195855,715.8903288,-2732298.687,1.78545E+13,0.562832162,2,10083587.68
732.6855863,1686.94796,-2011258.238,1.78545E+13,0.562832162,2,8641506.778
1977.188959,225.9405972,-11925663.06,1.78545E+13,0.562832162,2,28470316.42
1392.92185,1993.194418,-2629539.169,1.78545E+13,0.562832162,2,9878068.64
1390.302465,909.2794378,-4277401.487,1.78545E+13,0.562832162,2,13173793.28
1390.989081,1764.630068,-2820025.756,1.78545E+13,0.562832162,2,10259041.81
1535.929112,739.5863781,-5165469.782,1.78545E+13,0.562832162,2,14949929.87
1508.757925,476.3513734,-6808821.456,1.78545E+13,0.562832162,2,18236633.21
1138.343858,590.16695,-5077238.579,1.78545E+13,0.562832162,2,14773467.46
1286.222734,797.7055749,-4467279.849,1.78545E+13,0.562832162,2,13553550
93.37824035,1267.554914,-775984.3903,1.78545E+13,0.450581911,3,8480456.536
1767.540191,1007.101072,-4527861.053,1.78545E+13,0.562832162,2,13674712.41
932.0723292,500.7028993,-5011273.03,1.78545E+13,0.562832162,2,14641536.36
554.0827841,526.9243311,-3494673.994,1.78545E+13,0.562832162,2,11608338.29
1497.137005,159.6080787,-11987177.74,1.78545E+13,0.562832162,2,28593345.77
366.4852995,1569.625349,-1377609.202,1.78545E+13,0.562832162,2,7374208.706
207.6583651,312.6682396,-2525201.892,1.78545E+13,0.562832162,2,9669394.086
1445.87672,585.9245352,-5827696.833,1.78545E+13,0.562832162,2,16274383.97
1942.330995,126.2425789,-14745564.03,1.78545E+13,0.562832162,2,34110118.37
1049.32776,1851.110914,-2351046.545,1.78545E+13,0.562832162,2,9321083.393
1791.309835,1933.665077,-3036316.704,1.78545E+13,0.562832162,2,10691623.71
567.8441859,628.373816,-3176255.447,1.78545E+13,0.562832162,2,10971501.2
1003.527685,1315.649997,-2812853.543,1.78545E+13,0.562832162,2,10244697.39
431.2524253,107.4999357,-6142502.346,1.78545E+13,0.562832162,2,16903994.99
910.4260974,720.330541,-3908998.934,1.78545E+13,0.562832162,2,12436988.17
1383.549161,26.071436,-10474096.46,1.78545E+13,0.562832162,2,25567183.23
1824.405173,1027.867131,-4537678.317,1.78545E+13,0.562832162,2,13694346.94
1105.752512,1650.071422,-2589968.045,1.78545E+13,0.562832162,2,9798926.392
1312.320358,1937.555105,-2589629.709,1.78545E+13,0.562832162,2,9798249.72
150.8874788,1925.501304,-774652.0762,1.78545E+13,0.479113961,3,8477791.908
1125.959421,1107.286806,-3350151.636,1.78545E+13,0.562832162,2,11319293.57
875.2479747,1073.357564,-2949886.507,1.78545E+13,0.562832162,2,10518763.32
1869.983113,892.3225889,-5038742.319,1.78545E+13,0.562832162,2,14696474.94
910.1542776,1196.905129,-2818285.728,1.78545E+13,0.562832162,2,10255561.76
1930.614237,1596.370486,-3526586.306,1.78545E+13,0.562832162,2,11672162.91
83.33932655,1936.397464,-615688.3755,1.78545E+13,0.450581911,3,8159864.506
942.4413152,165.9447939,-9041038.362,1.78545E+13,0.562832162,2,22701067.03
1567.361404,1667.404816,-3102345.44,1.78545E+13,0.562832162,2,10823681.18
1945.338472,1950.022587,-3141679.228,1.78545E+13,0.562832162,2,10902348.76
61.70330952,629.3393987,-960061.4543,1.78545E+13,0.428867138,4,11158108.12
843.2525518,198.1224091,-7852986.191,1.78545E+13,0.562832162,2,20324962.68
1605.494656,1026.413839,-4261596.353,1.78545E+13,0.562832162,2,13142183.01
1690.206196,579.1968231,-6370053.601,1.78545E+13,0.562832162,2,17359097.5
205.3202246,1007.121641,-1269839.692,1.78545E+13,0.509956564,3,9468167.138
1361.545143,603.63398,-5532899.988,1.78545E+13,0.562832162,2,15684790.28
1393.905042,710.4667973,-5037115.549,1.78545E+13,0.562832162,2,14693221.4
11.98066008,206.6119121,-1138740.958,1.78545E+13,0.365571632,6,16134462.03
47.02570429,325.9294762,-1232894.509,1.78545E+13,0.439034773,3,9394276.773
1910.40945,1306.174951,-3975767.822,1.78545E+13,0.562832162,2,12570525.95
870.5607777,1046.712618,-2987899.215,1.78545E+13,0.562832162,2,10594788.73
1552.744619,1976.251938,-2794307.614,1.78545E+13,0.562832162,2,10207605.53
1718.135194,583.1012011,-6395006.251,1.78545E+13,0.562832162,2,17409002.8
147.8884833,1983.229393,-757477.1213,1.78545E+13,0.456326504,3,8443441.998
1259.036027,1267.252341,-3272704.676,1.78545E+13,0.562832162,2,11164399.65
186.2214527,1715.642892,-904087.5113,1.78545E+13,0.479113961,3,8736662.778
1663.208001,374.8986786,-8304600.169,1.78545E+13,0.562832162,2,21228190.64
1722.549291,1049.216494,-4352656.437,1.78545E+13,0.562832162,2,13324303.18
787.6004026,910.8858343,-3073859.498,1.78545E+13,0.562832162,2,10766709.3
294.0681254,1347.099858,-1318561.493,1.78545E+13,0.562832162,2,7256113.288
442.8242776,353.5722829,-3838105.97,1.78545E+13,0.562832162,2,12295202.24
1964.969813,491.8298826,-7623463.917,1.78545E+13,0.562832162,2,19865918.14
1510.055725,1160.062458,-3815057.443,1.78545E+13,0.562832162,2,12249105.19
1628.36933,1974.168381,-2863482.968,1.78545E+13,0.562832162,2,10345956.24
1257.468922,379.4286237,-7089713.37,1.78545E+13,0.562832162,2,18798417.04
1808.546448,1276.839391,-3928884.88,1.78545E+13,0.562832162,2,12476760.06
1078.713579,415.0258158,-6146459.635,1.78545E+13,0.562832162,2,16911909.57
1212.533268,1368.618085,-3054938.505,1.78545E+13,0.562832162,2,10728867.31
1268.524062,876.6051504,-4167341.543,1.78545E+13,0.562832162,2,12953673.39
1703.181004,281.7686996,-9894652.764,1.78545E+13,0.562832162,2,24408295.83
1189.761882,723.0873704,-4561119.982,1.78545E+13,0.562832162,2,13741230.27
921.3991692,935.6128829,-3322166.534,1.78545E+13,0.562832162,2,11263323.37
1797.878489,800.8430654,-5308912.162,1.78545E+13,0.562832162,2,15236814.63
1787.533404,1313.11435,-3837893.561,1.78545E+13,0.562832162,2,12294777.42
757.4163178,502.6785977,-4396849.221,1.78545E+13,0.562832162,2,13412688.74
656.0004461,968.2847633,-2639646.633,1.78545E+13,0.562832162,2,9898283.568
1651.975251,720.4038487,-5457002.283,1.78545E+13,0.562832162,2,15532994.87
1072.611643,1854.506102,-2377782.523,1.78545E+13,0.562832162,2,9374555.348
1232.071523,1173.635508,-3395047.095,1.78545E+13,0.562832162,2,11409084.49
846.4492525,1451.636876,-2396429.213,1.78545E+13,0.562832162,2,9411848.728
1450.316955,910.1869423,-4372180.021,1.78545E+13,0.562832162,2,13363350.34
783.9085165,1240.585642,-2520108.83,1.78545E+13,0.562832162,2,9659207.961
760.9871679,1401.893428,-2296423.142,1.78545E+13,0.562832162,2,9211836.586
1475.378821,1980.411529,-2719150.057,1.78545E+13,0.562832162,2,10057290.42
525.5694334,1454.62669,-1791419.865,1.78545E+13,0.562832162,2,8201830.032
53.85541015,503.0622502,-1032881.395,1.78545E+13,0.436135845,3,8994250.545
720.2242986,1019.91243,-2706397.514,1.78545E+13,0.562832162,2,10031785.33
1631.221787,563.6174601,-6367336.825,1.78545E+13,0.562832162,2,17353663.95
989.1352655,188.6569769,-8850232.293,1.78545E+13,0.562832162,2,22319454.89
1165.180303,553.9535045,-5360425.805,1.78545E+13,0.562832162,2,15339841.91
1013.662333,763.0594322,-4013924.837,1.78545E+13,0.562832162,2,12646839.98
1092.355022,720.985444,-4351474.764,1.78545E+13,0.562832162,2,13321939.83
340.5268504,126.1378685,-5054491.446,1.78545E+13,0.562832162,2,14727973.19
1516.048983,495.0123094,-6661862.358,1.78545E+13,0.562832162,2,17942715.02
1732.588549,1644.306813,-3288709.702,1.78545E+13,0.562832162,2,11196409.71
957.8781924,453.2388834,-5423114.367,1.78545E+13,0.562832162,2,15465219.04
1739.110941,1984.909506,-2948376.265,1.78545E+13,0.562832162,2,10515742.83
1703.213875,1605.665642,-3308518.865,1.78545E+13,0.562832162,2,11236028.03
763.5267063,247.667332,-6641859.642,1.78545E+13,0.562832162,2,17902709.58
928.6136289,654.5646743,-4209899.769,1.78545E+13,0.562832162,2,13038789.84
1924.572757,332.964397,-9577962.202,1.78545E+13,0.562832162,2,23774914.71
932.5130075,538.4402626,-4786580.814,1.78545E+13,0.562832162,2,14192151.93
667.1921467,519.9876903,-3971528.297,1.78545E+13,0.562832162,2,12562046.9
481.3018696,547.2493339,-3114730.735,1.78545E+13,0.562832162,2,10848451.77
1411.172883,1763.373842,-2842624.005,1.78545E+13,0.562832162,2,10304238.31
1402.17551,275.8217004,-9029406.233,1.78545E+13,0.562832162,2,22677802.77
1376.078452,384.3193621,-7397738.064,1.78545E+13,0.562832162,2,19414466.43
1725.30898,1810.163651,-3098941.433,1.78545E+13,0.562832162,2,10816873.17
656.3254491,606.1325048,-3565693.326,1.78545E+13,0.562832162,2,11750376.95
419.059146,1827.923775,-1372244.987,1.78545E+13,0.562832162,2,7363480.275
1597.650624,1236.707443,-3769948.211,1.78545E+13,0.562832162,2,12158886.72
670.5199445,275.2513233,-5786877.148,1.78545E+13,0.562832162,2,16192744.6
1358.31271,1630.584051,-2918933.431,1.78545E+13,0.562832162,2,10456857.16
1573.900302,700.2529584,-5423282.006,1.78545E+13,0.562832162,2,15465554.31
0.112150034,422.6653169,-761317.0593,1.78545E+13,0.562832162,2,6141624.42
1388.635794,1292.006224,-3408828.028,1.78545E+13,0.562832162,2,11436646.36
422.4470285,1219.41399,-1738516.935,1.78545E+13,0.562832162,2,8096024.171
129.3401041,1562.150581,-799302.6345,1.78545E+13,0.445780022,3,8527093.024
760.0700415,895.0588645,-3041461.774,1.78545E+13,0.562832162,2,10701913.85
1223.143225,262.9639959,-8577101.935,1.78545E+13,0.562832162,2,21773194.17
312.0124258,1891.786051,-1134252.883,1.78545E+13,0.562832162,2,6887496.067
1294.803951,694.3422085,-4911360.001,1.78545E+13,0.562832162,2,14441710.3
1171.876336,635.1027738,-4922203.991,1.78545E+13,0.562832162,2,14463398.28
1976.838394,1598.914539,-3562306.717,1.78545E+13,0.562832162,2,11743603.74
1425.368933,1502.29127,-3146903.074,1.78545E+13,0.562832162,2,10912796.45
1007.799952,1338.534191,-2789770.055,1.78545E+13,0.562832162,2,10198530.41
1314.778624,1529.212733,-2982127.259,1.78545E+13,0.562832162,2,10583244.82
84.20035898,806.5612323,-941617.1714,1.78545E+13,0.419616004,4,11121219.55
1683.536971,117.4250298,-13978890.6,1.78545E+13,0.562832162,2,32576771.51
992.7144416,1141.122722,-3056653.907,1.78545E+13,0.562832162,2,10732298.11
710.7050327,1502.331092,-2113756.476,1.78545E+13,0.562832162,2,8846503.253
1179.096815,1496.294089,-2847359.371,1.78545E+13,0.562832162,2,10313709.04
1356.102541,756.1338989,-4763436.006,1.78545E+13,0.562832162,2,14145862.31
523.1323446,1147.933512,-2059836.323,1.78545E+13,0.562832162,2,8738662.947
1573.217804,1176.858169,-3860817.752,1.78545E+13,0.562832162,2,12340625.81
34.9212517,104.5849157,-1677111.71,1.78545E+13,0.450581911,3,10282711.17
1660.457933,252.9399003,-10336728.31,1.78545E+13,0.562832162,2,25292446.92
1502.01917,1918.451319,-2794872.336,1.78545E+13,0.562832162,2,10208734.97
1877.717463,917.0038611,-4958862.823,1.78545E+13,0.562832162,2,14536715.95
1681.420501,1708.358587,-3166996.959,1.78545E+13,0.562832162,2,10952984.22
582.5604386,1844.435013,-1665028.421,1.78545E+13,0.562832162,2,7949047.143
1554.081401,1886.76467,-2871366.378,1.78545E+13,0.562832162,2,10361723.06
267.3740319,1355.121313,-1243795.881,1.78545E+13,0.521953836,3,9416079.518
1978.867057,1852.721348,-3262775.11,1.78545E+13,0.562832162,2,11144540.52
1239.039211,523.9706304,-5752994.469,1.78545E+13,0.562832162,2,16124979.24
761.7789635,516.2308417,-4339370.618,1.78545E+13,0.562832162,2,13297731.54
340.6263924,313.3841716,-3454051.916,1.78545E+13,0.562832162,2,11527094.13
689.6308758,518.8457204,-4061785.578,1.78545E+13,0.562832162,2,12742561.46
1099.32435,643.7993395,-4702569.416,1.78545E+13,0.562832162,2,14024129.13
1726.377742,1114.340941,-4190547.392,1.78545E+13,0.562832162,2,13000085.09
1272.73446,365.9505027,-7293629.186,1.78545E+13,0.562832162,2,19206248.67
263.2503965,1723.286436,-1082315.884,1.78545E+13,0.534778941,3,9093119.523
1334.798345,314.6467058,-8174679.533,1.78545E+13,0.562832162,2,20968349.37
212.706232,740.569126,-1552990.345,1.78545E+13,0.548412007,3,10034468.45
497.6625024,1320.346025,-1834487.853,1.78545E+13,0.562832162,2,8287966.007
1327.8126,630.5061302,-5304510.409,1.78545E+13,0.562832162,2,15228011.12
152.9125265,1677.292681,-831965.1363,1.78545E+13,0.470604253,3,8592418.028
1605.140864,878.4384542,-4718374.19,1.78545E+13,0.562832162,2,14055738.68
332.9805783,1344.50989,-1420452.067,1.78545E+13,0.562832162,2,7459894.436
1002.843885,481.5605019,-5367329.057,1.78545E+13,0.562832162,2,15353648.42
795.4445586,494.738408,-4579596.581,1.78545E+13,0.562832162,2,13778183.46
1685.733467,1788.615853,-3085598.107,1.78545E+13,0.562832162,2,10790186.52
837.2680072,1075.843513,-2868034.924,1.78545E+13,0.562832162,2,10355060.15
1404.04447,1120.782047,-3753811.176,1.78545E+13,0.562832162,2,12126612.65
1039.159647,157.4406826,-9779951.801,1.78545E+13,0.562832162,2,24178893.9
1118.75932,757.2760621,-4272411.432,1.78545E+13,0.562832162,2,13163813.17
1307.963347,1816.182802,-2683682.729,1.78545E+13,0.562832162,2,9986355.76
1840.171139,121.4592331,-14503344.1,1.78545E+13,0.562832162,2,33625678.51
1687.585828,325.9616026,-9081476.604,1.78545E+13,0.562832162,2,22781943.51
432.51458,1280.0056,-1713626.822,1.78545E+13,0.562832162,2,8046243.945
753.1236591,761.8128455,-3355862.848,1.78545E+13,0.562832162,2,11330716
442.3462271,1216.815886,-1791011.426,1.78545E+13,0.562832162,2,8201013.154
752.2257347,1389.98718,-2292241.812,1.78545E+13,0.562832162,2,9203473.925
29.68619047,152.5270663,-1472202.26,1.78545E+13,0.3930508,4,12182389.73
265.9523561,1514.385507,-1166276.753,1.78545E+13,0.562832162,2,6951543.808
1320.307685,1090.310978,-3696608.784,1.78545E+13,0.562832162,2,12012207.87
218.0657994,575.597916,-1833037.59,1.78545E+13,0.562832162,2,8285065.483
612.1478505,127.8579674,-7459669.421,1.78545E+13,0.562832162,2,19538329.14
1925.833274,45.1741456,-15094973.95,1.78545E+13,0.562832162,2,34808938.2
1565.582417,1776.396475,-2985775.241,1.78545E+13,0.562832162,2,10590540.78
1824.714709,794.6574773,-5375086.762,1.78545E+13,0.562832162,2,15369163.83
971.8610379,330.5375132,-6608635.772,1.78545E+13,0.562832162,2,17836261.85
1353.965556,1502.716065,-3061914.021,1.78545E+13,0.562832162,2,10742818.34
1250.564595,1361.495192,-3117383.771,1.78545E+13,0.562832162,2,10853757.84
1403.022148,463.3934325,-6662962.046,1.78545E+13,0.562832162,2,17944914.39
1663.683131,355.460694,-8572757.986,1.78545E+13,0.562832162,2,21764506.27
776.7687009,1219.369819,-2533196.553,1.78545E+13,0.562832162,2,9685383.409
454.524318,742.3681372,-2476391.628,1.78545E+13,0.562832162,2,9571773.559
419.8848827,1330.632945,-1644514.524,1.78545E+13,0.562832162,2,7908019.35
1842.493196,1752.610543,-3260673.932,1.78545E+13,0.562832162,2,11140338.16
1291.162893,1909.628814,-2588738.854,1.78545E+13,0.562832162,2,9796468.009
405.3520282,1478.410954,-1514071.007,1.78545E+13,0.562832162,2,7647132.317
1151.305241,1626.512074,-2671840.282,1.78545E+13,0.562832162,2,9962670.866
1857.242549,1733.978415,-3294014.687,1.78545E+13,0.562832162,2,11207019.67
1009.748494,630.7858989,-4533656.147,1.78545E+13,0.562832162,2,13686302.6
1760.623258,160.7680963,-13011204.17,1.78545E+13,0.562832162,2,30641398.63
105.5713478,1703.769809,-706766.7269,1.78545E+13,0.445780022,3,8342021.209
709.8352971,256.8073374,-6223638.403,1.78545E+13,0.562832162,2,17066267.11
715.9467906,1504.97796,-2120956.766,1.78545E+13,0.562832162,2,8860903.834
665.744738,265.9741439,-5864209.1,1.78545E+13,0.562832162,2,16347408.5
1822.802179,1586.016418,-3445307.146,1.78545E+13,0.562832162,2,11509604.59
1521.231372,1999.162994,-2747202.925,1.78545E+13,0.562832162,2,10113396.15
1403.036771,48.14097555,-12973777.13,1.78545E+13,0.562832162,2,30566544.57
1601.300362,823.4414395,-4917528.654,1.78545E+13,0.562832162,2,14454047.61
1291.31388,1485.676553,-3005851.206,1.78545E+13,0.562832162,2,10630692.71
581.0751266,1430.580689,-1924331.675,1.78545E+13,0.562832162,2,8467653.652
1234.47504,1297.916705,-3189165.977,1.78545E+13,0.562832162,2,10997322.25
1563.805758,197.2466492,-11274361.67,1.78545E+13,0.562832162,2,27167713.64
1148.732702,1312.525446,-3042648.58,1.78545E+13,0.562832162,2,10704287.46
1373.123059,371.4355611,-7541433.654,1.78545E+13,0.562832162,2,19701857.61
984.1958055,1824.585924,-2285853.254,1.78545E+13,0.562832162,2,9190696.81
1874.24545,263.7701548,-10750999.58,1.78545E+13,0.562832162,2,26120989.46
719.9240967,505.3674028,-4243905.361,1.78545E+13,0.562832162,2,13106801.02
1911.510514,797.514475,-5484391.252,1.78545E+13,0.562832162,2,15587772.81
716.819303,780.3405899,-3204032.127,1.78545E+13,0.562832162,2,11027054.56
1088.971571,859.5868426,-3872035.216,1.78545E+13,0.562832162,2,12363060.73
150.2702279,961.5676818,-1106270.892,1.78545E+13,0.450581911,3,9141029.539
672.6263544,378.1603903,-4852172.425,1.78545E+13,0.562832162,2,14323335.15
1078.357741,1947.200422,-2319286.864,1.78545E+13,0.562832162,2,9257564.03
1739.87229,347.8071019,-8883388.081,1.78545E+13,0.562832162,2,22385766.46
1192.392527,370.5750618,-6975930.021,1.78545E+13,0.562832162,2,18570850.34
874.296401,990.8414192,-3102645.613,1.78545E+13,0.562832162,2,10824281.53
956.7467692,70.18068532,-10768016.76,1.78545E+13,0.562832162,2,26155023.82
955.1138081,1580.442881,-2444332.602,1.78545E+13,0.562832162,2,9507655.506
1366.237622,1725.076659,-2831132.688,1.78545E+13,0.562832162,2,10281255.68
267.5508411,1458.415151,-1194598.607,1.78545E+13,0.562832162,2,7008187.516
1130.943358,0.614948489,32123.29486,1.78545E+13,0.562832162,2,4554743.712
850.7589372,1179.045763,-2732906.578,1.78545E+13,0.562832162,2,10084803.46
1998.403904,1773.70835,-3363241.384,1.78545E+13,0.562832162,2,11345473.07
1683.405039,1142.635759,-4071863.126,1.78545E+13,0.562832162,2,12762716.55
1838.581143,494.9415941,-7352048.388,1.78545E+13,0.562832162,2,19323087.08
1986.133114,1839.624773,-3281987.704,1.78545E+13,0.562832162,2,11182965.71
431.6009721,188.1442906,-5174069.201,1.78545E+13,0.534778941,3,17276626.16
1814.74825,1005.484192,-4591525.147,1.78545E+13,0.562832162,2,13802040.6
1022.56085,1529.697,-2592648.941,1.78545E+13,0.562832162,2,9804288.183
194.9601407,1004.850206,-1235915.061,1.78545E+13,0.488519575,3,9400317.877
967.1126111,1138.96514,-3013906.665,1.78545E+13,0.562832162,2,10646803.63
1303.443481,842.684462,-4341045.47,1.78545E+13,0.562832162,2,13301081.24
1274.67586,1206.302521,-3399271.869,1.78545E+13,0.562832162,2,11417534.04
18.93749421,877.3523781,-629521.1765,1.78545E+13,0.392059079,4,10497027.56
1375.692409,1493.24648,-3099949.957,1.78545E+13,0.562832162,2,10818890.21
1513.995976,1086.959517,-3983756,1.78545E+13,0.562832162,2,12586502.3
1328.257862,1867.084043,-2662637.905,1.78545E+13,0.562832162,2,9944266.112
1728.241897,115.7290471,-14215859.19,1.78545E+13,0.562832162,2,33050708.69
513.0162,1403.755307,-1802387.585,1.78545E+13,0.562832162,2,8223765.471
485.3455142,1143.98359,-1969790.892,1.78545E+13,0.562832162,2,8558572.086
1387.090858,45.33103286,-12733040.03,1.78545E+13,0.562832162,2,30085070.36
778.3147352,1790.055012,-2015087.95,1.78545E+13,0.562832162,2,8649166.201
544.6224682,1975.592484,-1539657.609,1.78545E+13,0.562832162,2,7698305.52
1643.903623,1979.718438,-2872375.089,1.78545E+13,0.562832162,2,10363740.48
995.1535109,1660.960681,-2430108.346,1.78545E+13,0.562832162,2,9479206.993
593.616895,995.6578847,-2436220.759,1.78545E+13,0.562832162,2,9491431.82
710.0342755,1583.244176,-2048034.888,1.78545E+13,0.562832162,2,8715060.079
1070.228852,1471.348794,-2724414.032,1.78545E+13,0.562832162,2,10067818.37
1514.597398,296.7476513,-9047758.812,1.78545E+13,0.562832162,2,22714507.93
625.2646233,1570.587514,-1904919.944,1.78545E+13,0.562832162,2,8428830.189
913.491601,26.49489,-8272108.016,1.78545E+13,0.562832162,2,21163206.33
696.4972907,324.6108941,-5420063.904,1.78545E+13,0.562832162,2,15459118.11
1838.751235,1899.610581,-3106447.859,1.78545E+13,0.562832162,2,10831886.02
314.4884947,1708.000995,-1202462.623,1.78545E+13,0.562832162,2,7023915.548
277.0098411,187.1660457,-3863578.607,1.78545E+13,0.548412007,3,14655644.97
735.9950208,1824.178623,-1928265.49,1.78545E+13,0.562832162,2,8475521.281
1407.858478,669.7908748,-5264129.964,1.78545E+13,0.562832162,2,15147250.23
636.9942601,1678.844304,-1853566.616,1.78545E+13,0.562832162,2,8326123.533
1467.254674,1817.260834,-2849930.214,1.78545E+13,0.562832162,2,10318850.73
891.2117912,1606.518698,-2324871.081,1.78545E+13,0.562832162,2,9268732.464
919.3462866,1426.032926,-2543535.252,1.78545E+13,0.562832162,2,9706060.805
248.6431364,566.6733272,-2002196.638,1.78545E+13,0.562832162,2,8623383.578
1597.829932,970.240211,-4410208.342,1.78545E+13,0.562832162,2,13439406.99
656.2161524,1596.886281,-1942802.869,1.78545E+13,0.562832162,2,8504596.04
1800.970738,1187.576286,-4106625.676,1.78545E+13,0.562832162,2,12832241.65
1218.227828,1126.133138,-3464037.977,1.78545E+13,0.562832162,2,11547066.26
222.1419797,201.453127,-3253775.78,1.78545E+13,0.548412007,3,13436039.32
1170.109832,1234.230372,-3195310.116,1.78545E+13,0.562832162,2,11009610.53
686.7299765,1533.76012,-2044993.236,1.78545E+13,0.562832162,2,8708976.773
1828.387107,1045.062571,-4493609.938,1.78545E+13,0.562832162,2,13606210.18
912.0382383,206.1688742,-8102701.283,1.78545E+13,0.562832162,2,20824392.87
911.7306552,620.1816725,-4311588.856,1.78545E+13,0.562832162,2,13242168.01
1036.602374,648.2581326,-4523466.058,1.78545E+13,0.562832162,2,13665922.42
133.5349102,829.97398,-1134045.859,1.78545E+13,0.463004286,3,9196579.472
1714.21983,1527.097966,-3422272.369,1.78545E+13,0.562832162,2,11463535.04
492.6950421,615.7382416,-2936103.372,1.78545E+13,0.562832162,2,10491197.05
1734.107424,43.35297408,-14189516.31,1.78545E+13,0.562832162,2,32998022.91
1823.852352,187.3274284,-12473206.31,1.78545E+13,0.562832162,2,29565402.93
121.9904313,519.9271777,-1415750.039,1.78545E+13,0.419616004,4,12069485.29
1382.583676,917.1647707,-4240573.236,1.78545E+13,0.562832162,2,13100136.77
1995.232003,952.9674436,-4976526.132,1.78545E+13,0.562832162,2,14572042.57
1401.048297,254.5216145,-9412817.783,1.78545E+13,0.562832162,2,23444625.87
1511.496472,1194.258435,-3746619.566,1.78545E+13,0.562832162,2,12112229.43
1707.894677,577.982462,-6412447.691,1.78545E+13,0.562832162,2,17443885.68
1907.522899,1902.358556,-3158148.289,1.78545E+13,0.562832162,2,10935286.88
485.2104641,563.670105,-3073631.549,1.78545E+13,0.562832162,2,10766253.4
1528.445836,15.43036053,-8158472.298,1.78545E+13,0.562832162,2,20935934.9
1916.183132,945.6580002,-4906994.636,1.78545E+13,0.562832162,2,14432979.57
1737.476938,905.0994644,-4815240.403,1.78545E+13,0.562832162,2,14249471.11
1191.16836,1432.755808,-2940598.109,1.78545E+13,0.562832162,2,10500186.52
1837.97399,302.9501365,-9880092.937,1.78545E+13,0.562832162,2,24379176.18
160.5020157,1936.261719,-794494.6808,1.78545E+13,0.456326504,3,8517477.117
1853.061623,345.6371447,-9200597.456,1.78545E+13,0.562832162,2,23020185.21
85.60230935,1900.355929,-625808.9181,1.78545E+13,0.415216577,4,10489603.04
1562.637103,1695.889521,-3066319.334,1.78545E+13,0.562832162,2,10751628.97
917.1576047,1306.922352,-2679875.531,1.78545E+13,0.562832162,2,9978741.364
1466.840312,1390.951975,-3350180.241,1.78545E+13,0.562832162,2,11319350.78
456.0182285,1065.316065,-1979195.548,1.78545E+13,0.562832162,2,8577381.398
1581.708075,422.7131929,-7521391.151,1.78545E+13,0.562832162,2,19661772.6
1373.521982,1085.493057,-3787164.775,1.78545E+13,0.562832162,2,12193319.85
581.81656,1862.571374,-1654729.218,1.78545E+13,0.562832162,2,7928448.738
566.4339565,1319.750717,-1987951.621,1.78545E+13,0.562832162,2,8594893.545
563.2985149,1100.802179,-2213911.754,1.78545E+13,0.562832162,2,9046813.81
1205.349844,524.9703726,-5656941.68,1.78545E+13,0.562832162,2,15932873.66
632.0654302,1908.015745,-1716330.644,1.78545E+13,0.562832162,2,8051651.589
690.5761897,1870.553008,-1830114.975,1.78545E+13,0.562832162,2,8279220.251
515.0582234,1419.909556,-1794635.914,1.78545E+13,0.562832162,2,8208262.13
479.8288654,851.6585268,-2350299.71,1.78545E+13,0.562832162,2,9319589.721
1541.774253,1736.977132,-3002298.66,1.78545E+13,0.562832162,2,10623587.62
269.4220385,1420.267788,-1217024.921,1.78545E+13,0.562832162,2,7053040.143
517.4410887,8.922511201,-2802419.033,1.78545E+13,0.562832162,2,10223828.37
1637.566694,613.6240296,-6036471.092,1.78545E+13,0.562832162,2,16691932.49
1396.580762,171.0731246,-11246730.44,1.78545E+13,0.562832162,2,27112451.19
1660.764356,1568.784462,-3313947.746,1.78545E+13,0.562832162,2,11246885.79
1473.546473,448.8102801,-6980155.486,1.78545E+13,0.562832162,2,18579301.27
215.9723866,1364.602412,-1100263.748,1.78545E+13,0.479113961,3,9129015.252
1407.115885,1469.199157,-3168678.93,1.78545E+13,0.562832162,2,10956348.16
958.4824076,1914.590493,-2190259.957,1.78545E+13,0.562832162,2,8999510.217
234.992494,1134.653406,-1278512.247,1.78545E+13,0.562832162,2,7176014.795
1723.409532,1656.236996,-3265885.429,1.78545E+13,0.562832162,2,11150761.16
5.595446786,1824.928408,-439915.9411,1.78545E+13,0.361033808,6,14736812
35.10108487,1769.478041,-517661.7479,1.78545E+13,0.39354645,4,10273308.7
626.7667243,1678.042227,-1835967.45,1.78545E+13,0.562832162,2,8290925.201
374.3560549,1738.521459,-1318681.856,1.78545E+13,0.562832162,2,7256354.014
834.7135653,1653.835214,-2198963.269,1.78545E+13,0.562832162,2,9016916.84
342.5578362,1201.328318,-1542845.718,1.78545E+13,0.562832162,2,7704681.738
177.3943151,1330.716796,-1006169.18,1.78545E+13,0.488519575,3,8940826.115
808.2916898,494.0811591,-4629467.728,1.78545E+13,0.562832162,2,13877925.76
1932.747325,1490.701086,-3680036.344,1.78545E+13,0.562832162,2,11979062.99
1506.163974,1256.840194,-3620128.955,1.78545E+13,0.562832162,2,11859248.21
1781.530134,1709.096204,-3256968.673,1.78545E+13,0.562832162,2,11132927.65
1679.997186,98.39073189,-14454918.79,1.78545E+13,0.488519575,3,35838325.33
213.8606076,1115.15599,-1224976.691,1.78545E+13,0.521953836,3,9378441.137
623.1283543,1480.406961,-1968208.94,1.78545E+13,0.562832162,2,8555408.182
1690.855509,878.4355127,-4844623.681,1.78545E+13,0.562832162,2,14308237.66
517.3568418,1533.719073,-1720223.463,1.78545E+13,0.562832162,2,8059437.228
959.7686208,1018.244809,-3222939.294,1.78545E+13,0.562832162,2,11064868.89
368.8406732,1323.432085,-1524412.687,1.78545E+13,0.562832162,2,7667815.676
1047.536739,259.5653579,-7886609.443,1.78545E+13,0.562832162,2,20392209.19
1721.527412,163.8154698,-12775244.32,1.78545E+13,0.562832162,2,30169478.95
1594.618242,257.4838176,-10029416.69,1.78545E+13,0.562832162,2,24677823.67
746.6766484,1604.214548,-2094775.016,1.78545E+13,0.562832162,2,8808540.334
1616.729285,910.1800333,-4626562.999,1.78545E+13,0.562832162,2,13872116.3
917.1735424,739.5806985,-3859616.802,1.78545E+13,0.562832162,2,12338223.91
1886.814743,1523.411229,-3590057.492,1.78545E+13,0.562832162,2,11799105.29
1792.634528,421.9401881,-8026485.881,1.78545E+13,0.562832162,2,20671962.06
569.7096622,251.6137149,-5447798.452,1.78545E+13,0.562832162,2,15514587.21
1118.792975,753.2057901,-4287582.775,1.78545E+13,0.562832162,2,13194155.85
1421.110317,59.53127219,-13459137.67,1.78545E+13,0.562832162,2,31537265.65
1343.812633,500.8501456,-6195295.632,1.78545E+13,0.562832162,2,17009581.57
1298.22591,43.29277249,-12140003.08,1.78545E+13,0.562832162,2,28898996.47
1073.318618,1578.779236,-2614983.617,1.78545E+13,0.562832162,2,9848957.536
1430.353102,1680.794787,-2945489.329,1.78545E+13,0.562832162,2,10509968.96
839.8218382,343.6562207,-5907343.883,1.78545E+13,0.562832162,2,16433678.07
756.9775752,227.5748132,-6884424.803,1.78545E+13,0.562832162,2,18387839.91
1286.986359,91.27015596,-12641810.06,1.78545E+13,0.562832162,2,29902610.42
1605.269809,499.510902,-6824958.984,1.78545E+13,0.562832162,2,18268908.27
1846.51228,1724.751812,-3295435.272,1.78545E+13,0.562832162,2,11209860.84
334.4013139,1351.694742,-1419708.222,1.78545E+13,0.562832162,2,7458406.746
199.0758161,554.810238,-1776267.997,1.78545E+13,0.562832162,2,8171526.295
216.1257586,1246.757996,-1156970.213,1.78545E+13,0.521953836,3,9242428.181
522.964322,1166.112142,-2039658.063,1.78545E+13,0.562832162,2,8698306.427
273.4330464,767.1425691,-1763913.451,1.78545E+13,0.562832162,2,8146817.203
1218.289731,1286.157638,-3184156.405,1.78545E+13,0.562832162,2,10987303.11
1881.781151,1213.686419,-4136406.328,1.78545E+13,0.562832162,2,12891802.96
554.9107947,1587.153041,-1760322.448,1.78545E+13,0.562832162,2,8139635.197
253.7323334,1671.210841,-1077800.299,1.78545E+13,0.562832162,2,6774590.899
719.6043803,234.0892526,-6574631.3,1.78545E+13,0.562832162,2,17768252.9
684.4622556,1687.192444,-1930387.582,1.78545E+13,0.562832162,2,8479765.466
1653.754496,682.4635527,-5658088.762,1.78545E+13,0.562832162,2,15935167.83
1886.385481,1519.460369,-3595415.14,1.78545E+13,0.562832162,2,11809820.58
276.1440193,1271.180686,-1313889.194,1.78545E+13,0.562832162,2,7246768.689
1427.745658,1368.97395,-3336044.241,1.78545E+13,0.562832162,2,11291078.78
1515.45836,200.6673701,-11004293.5,1.78545E+13,0.562832162,2,26627577.31
1097.46283,1709.698917,-2525422.165,1.78545E+13,0.562832162,2,9669834.631
707.1297458,649.0035768,-3577778.143,1.78545E+13,0.562832162,2,11774546.59
938.815173,1822.351042,-2226217.773,1.78545E+13,0.562832162,2,9071425.847
649.8060686,1018.904654,-2540689.351,1.78545E+13,0.562832162,2,9700369.003
703.8802522,730.0172037,-3306962.674,1.78545E+13,0.562832162,2,11232915.65
826.776815,1576.453749,-2249244.835,1.78545E+13,0.562832162,2,9117479.972
369.7010421,862.1049434,-1977946.484,1.78545E+13,0.562832162,2,8574883.27
1184.813753,63.8521006,-12203922.91,1.78545E+13,0.562832162,2,29026836.12
1697.776709,802.5791499,-5152422.151,1.78545E+13,0.562832162,2,14923834.6
345.8748502,12.99040557,-2880070.84,1.78545E+13,0.562832162,2,10379131.98
612.0154058,1659.422413,-1821250.401,1.78545E+13,0.562832162,2,8261491.103
806.9167384,1148.64418,-2691038.648,1.78545E+13,0.562832162,2,10001067.6
1074.83591,872.2321083,-3806490.541,1.78545E+13,0.562832162,2,12231971.38
476.9269234,1450.037466,-1690819.007,1.78545E+13,0.562832162,2,8000628.316
1612.359605,412.606721,-7710968.448,1.78545E+13,0.562832162,2,20040927.2
67.49497727,1560.710773,-632167.4823,1.78545E+13,0.428867138,4,10502320.17
677.5220358,1361.196305,-2178442.621,1.78545E+13,0.562832162,2,8975875.543
701.3813422,386.3794602,-4921148.138,1.78545E+13,0.562832162,2,14461286.58
690.0259199,70.6111871,-8750248.298,1.78545E+13,0.562832162,2,22119486.9
467.8353579,1280.334651,-1798465.322,1.78545E+13,0.562832162,2,8215920.946
780.2827524,488.1982213,-4562728.748,1.78545E+13,0.562832162,2,13744447.8
1685.952264,1761.004996,-3114368.826,1.78545E+13,0.562832162,2,10847727.95
1959.027886,870.8077094,-5235733.605,1.78545E+13,0.562832162,2,15090457.51
621.3176252,885.9306496,-2699897.597,1.78545E+13,0.562832162,2,10018785.5
686.0188622,740.466885,-3224309.341,1.78545E+13,0.562832162,2,11067608.98
1244.466742,1770.953014,-2651509.725,1.78545E+13,0.562832162,2,9922009.751
649.7000269,930.4186574,-2691236.045,1.78545E+13,0.562832162,2,10001462.39
513.3812885,1309.004767,-1879807.213,1.78545E+13,0.562832162,2,8378604.727
184.157987,101.0175436,-3563026.015,1.78545E+13,0.562832162,2,11745042.33
1714.633035,1295.179578,-3793114.934,1.78545E+13,0.562832162,2,12205220.17
695.6768611,1876.430102,-1834966.859,1.78545E+13,0.562832162,2,8288924.019
941.9680685,1351.41899,-2666449.832,1.78545E+13,0.562832162,2,9951889.965
46.32063431,1060.350591,-679570.2251,1.78545E+13,0.410805965,4,10597125.66
1889.472708,1839.865227,-3206225.057,1.78545E+13,0.562832162,2,11031440.42
1275.30703,1370.066473,-3138652.283,1.78545E+13,0.562832162,2,10896294.87
540.2006421,987.1675486,-2308382.591,1.78545E+13,0.562832162,2,9235755.483
757.9414321,555.7155385,-4128018.807,1.78545E+13,0.562832162,2,12875027.92
711.8887422,1707.672426,-1962891.2,1.78545E+13,0.562832162,2,8544772.701
1122.593926,1703.130563,-2563443.111,1.78545E+13,0.562832162,2,9745876.525
739.5962469,1745.03243,-1983484.346,1.78545E+13,0.562832162,2,8585958.994
1919.158184,1483.309557,-3679136.784,1.78545E+13,0.562832162,2,11977263.87
1352.935465,545.7543319,-5885693.031,1.78545E+13,0.562832162,2,16390376.36
369.1686979,39.45079638,-5298275.057,1.78545E+13,0.562832162,2,15215540.42
1202.489697,364.4318535,-7079568.588,1.78545E+13,0.562832162,2,18778127.48
1350.549977,1699.623506,-2838791.692,1.78545E+13,0.562832162,2,10296573.68
273.6026792,1296.595998,-1292233.96,1.78545E+13,0.562832162,2,7203458.222
1444.470004,1700.676007,-2939909.353,1.78545E+13,0.562832162,2,10498809.01
34.91563583,954.9054206,-669265.729,1.78545E+13,0.398000971,4,10576516.67
65.60946863,13.82127062,-1237937.01,1.78545E+13,0.562832162,2,7094864.322
91.20894296,1772.820619,-658520.7821,1.78545E+13,0.437102696,3,8245529.319
1989.02117,1106.994324,-4505842.93,1.78545E+13,0.562832162,2,13630676.16
376.5428128,910.3918648,-1934380.115,1.78545E+13,0.562832162,2,8487750.531
1701.277886,347.6439906,-8785304.878,1.78545E+13,0.562832162,2,22189600.06
849.2931861,281.3100672,-6650048.736,1.78545E+13,0.562832162,2,17919087.77
729.2752822,1500.205524,-2148800.303,1.78545E+13,0.562832162,2,8916590.907
885.4494061,1537.82089,-2377124.472,1.78545E+13,0.562832162,2,9373239.247
702.4414866,1186.319259,-2423454.433,1.78545E+13,0.562832162,2,9465899.167
294.2148599,811.5203279,-1782057.466,1.78545E+13,0.562832162,2,8183105.233
871.9909667,514.2626689,-4730872.897,1.78545E+13,0.562832162,2,14080736.1
133.6877392,1525.305623,-820396.8309,1.78545E+13,0.456326504,3,8569281.417
1062.047856,166.2484691,-9713779.724,1.78545E+13,0.562832162,2,24046549.75
1941.475713,1094.196454,-4488575.811,1.78545E+13,0.562832162,2,13596141.92
589.5500381,1896.549974,-1651362.462,1.78545E+13,0.562832162,2,7921715.227
1563.270063,48.45416753,-13771900.33,1.78545E+13,0.562832162,2,32162790.95
628.4740095,691.2411755,-3188560.509,1.78545E+13,0.562832162,2,10996111.32
882.4912863,656.9030206,-4072539.808,1.78545E+13,0.562832162,2,12764069.92
1502.076733,521.0903091,-6415354.27,1.78545E+13,0.562832162,2,17449698.84
1252.102769,1496.086652,-2943297.285,1.78545E+13,0.562832162,2,10505584.87
1766.307872,438.693424,-7777195.768,1.78545E+13,0.562832162,2,20173381.84
1357.234247,225.8839602,-9812982.619,1.78545E+13,0.562832162,2,24244955.54
114.0704067,262.8917709,-1967581.093,1.78545E+13,0.470604253,3,10863649.94
1545.433038,999.7394807,-4251193.054,1.78545E+13,0.562832162,2,13121376.41
1947.305293,1886.906637,-3203979.08,1.78545E+13,0.562832162,2,11026948.46
757.1377631,1081.06885,-2689696.548,1.78545E+13,0.562832162,2,9998383.398
1954.509113,245.7980507,-11377906.92,1.78545E+13,0.562832162,2,27374804.15
593.3019917,410.4428491,-4260423.207,1.78545E+13,0.562832162,2,13139836.72
687.6202897,653.3563016,-3500116.697,1.78545E+13,0.562832162,2,11619223.7
1825.682002,1727.342714,-3274682.954,1.78545E+13,0.562832162,2,11168356.21
388.9633659,603.0183802,-2553882.472,1.78545E+13,0.562832162,2,9726755.245
151.2720357,199.8068006,-2592201.261,1.78545E+13,0.562832162,2,9803392.823
546.5656014,456.3743064,-3786827.048,1.78545E+13,0.562832162,2,12192644.4
581.5386032,702.8336524,-3002480.807,1.78545E+13,0.562832162,2,10623951.92
600.3719204,1392.353049,-1995341.642,1.78545E+13,0.562832162,2,8609673.586
201.1803861,1033.335255,-1237236.076,1.78545E+13,0.488519575,3,9402959.906
218.2657607,1313.160554,-1130212.875,1.78545E+13,0.521953836,3,9188913.506
1365.059195,1407.494528,-3201832.731,1.78545E+13,0.562832162,2,11022655.76
122.8417762,1400.425742,-824959.8364,1.78545E+13,0.456326504,3,8578407.428
759.2260997,4.202527447,-1759946.207,1.78545E+13,0.562832162,2,8138882.717
876.9644135,1638.854431,-2276024.708,1.78545E+13,0.562832162,2,9171039.718
383.9163632,308.0855243,-3771865.881,1.78545E+13,0.562832162,2,12162722.06
1821.211316,566.1460606,-6710881.636,1.78545E+13,0.562832162,2,18040753.57
972.7157885,878.3683732,-3574148.315,1.78545E+13,0.562832162,2,11767286.93
280.0283245,871.5018647,-1655839.528,1.78545E+13,0.562832162,2,7930669.358
238.539844,758.1962563,-1637079.889,1.78545E+13,0.562832162,2,7893150.079
754.2036272,1616.868427,-2097720.266,1.78545E+13,0.562832162,2,8814430.834
1410.862677,1579.758784,-3035561.026,1.78545E+13,0.562832162,2,10690112.35
198.6545507,1562.989256,-979452.6605,1.78545E+13,0.479113961,3,8887393.076
1302.632748,1236.344257,-3386491.258,1.78545E+13,0.562832162,2,11391972.82
1967.037943,637.4252728,-6446295.213,1.78545E+13,0.562832162,2,17511580.73
1079.22333,1774.671461,-2447649.91,1.78545E+13,0.562832162,2,9514290.122
409.2230755,1395.282494,-1574555.321,1.78545E+13,0.562832162,2,7768100.943
421.3801245,569.6361902,-2786610.731,1.78545E+13,0.562832162,2,10192211.76
1568.053676,1244.074214,-3720072.985,1.78545E+13,0.562832162,2,12059136.27
800.8580169,1458.174738,-2312325.219,1.78545E+13,0.562832162,2,9243640.741
1967.617563,1638.915225,-3501552.3,1.78545E+13,0.562832162,2,11622094.9
364.8219256,276.9264393,-3859460.776,1.78545E+13,0.562832162,2,12337911.85
396.4583053,1450.116745,-1510511.291,1.78545E+13,0.562832162,2,7640012.884
1885.38277,571.6481491,-6782677.959,1.78545E+13,0.562832162,2,18184346.22
1152.638721,723.9037381,-4476266.851,1.78545E+13,0.562832162,2,13571524
1315.239901,651.531625,-5164876.905,1.78545E+13,0.562832162,2,14948744.11
1542.084224,890.8778713,-4579276.434,1.78545E+13,0.562832162,2,13777543.17
1822.080957,665.0635062,-6041080.068,1.78545E+13,0.562832162,2,16701150.44
264.0555133,1244.840103,-1295768.432,1.78545E+13,0.562832162,2,7210527.166
488.6199529,390.4041319,-3865857.364,1.78545E+13,0.562832162,2,12350705.03
1204.794466,1837.242133,-2549826.327,1.78545E+13,0.562832162,2,9718642.957
1097.235013,1008.552565,-3505452.162,1.78545E+13,0.562832162,2,11629894.63
45.568859,1925.672334,-527236.6147,1.78545E+13,0.436135845,3,7982960.985
1327.273233,1513.034751,-3016821.557,1.78545E+13,0.562832162,2,10652633.42
1972.988791,1313.491935,-4022305.624,1.78545E+13,0.562832162,2,12663601.55
777.9742615,311.3590601,-5954047.954,1.78545E+13,0.562832162,2,16527086.21
1239.517298,671.5218627,-4899413.839,1.78545E+13,0.562832162,2,14417817.98
890.2822796,270.3365284,-6993754.599,1.78545E+13,0.562832162,2,18606499.5
781.8359188,453.7869511,-4781246.402,1.78545E+13,0.562832162,2,14181483.11
1855.178429,537.2247177,-7005970.211,1.78545E+13,0.562832162,2,18630930.72
652.2693872,724.765632,-3166737.105,1.78545E+13,0.562832162,2,10952464.51
1606.730835,869.3859749,-4753048.531,1.78545E+13,0.562832162,2,14125087.36
1886.428681,305.1032717,-9967895.582,1.78545E+13,0.562832162,2,24554781.47
1021.048065,1280.071012,-2890069.567,1.78545E+13,0.562832162,2,10399129.44
1309.712735,1952.366211,-2575620.142,1.78545E+13,0.562832162,2,9770230.586
25.03210567,443.368687,-908241.0619,1.78545E+13,0.375613959,5,13363964.79
1312.999099,427.2717101,-6757342.113,1.78545E+13,0.562832162,2,18133674.53
1151.675604,1533.9311,-2768246.187,1.78545E+13,0.562832162,2,10155482.67
1210.506218,334.0368116,-7477011.085,1.78545E+13,0.562832162,2,19573012.47
1240.426821,1239.002922,-3292538.513,1.78545E+13,0.562832162,2,11204067.33
1949.636885,1031.706713,-4673067.273,1.78545E+13,0.562832162,2,13965124.85
66.20989153,1305.210381,-680843.1965,1.78545E+13,0.421567725,4,10599671.6
1333.997666,732.01243,-4822525.769,1.78545E+13,0.562832162,2,14264041.84
674.8633626,329.5253346,-5266104.202,1.78545E+13,0.562832162,2,15151198.71
1127.011857,1755.704622,-2523533.792,1.78545E+13,0.562832162,2,9666057.886
865.6855165,81.31090094,-10075400.46,1.78545E+13,0.562832162,2,24769791.21
1393.49484,595.9272564,-5650291.985,1.78545E+13,0.562832162,2,15919574.27
514.4997635,1781.814164,-1574453.186,1.78545E+13,0.562832162,2,7767896.674
765.6861392,1149.606549,-2605343.924,1.78545E+13,0.562832162,2,9829678.149
363.2743295,132.0866159,-5212482.575,1.78545E+13,0.509956564,3,17353452.91
752.2074291,1382.074884,-2300166.21,1.78545E+13,0.562832162,2,9219322.722
420.8062457,1502.863554,-1534339.533,1.78545E+13,0.562832162,2,7687669.369
719.712512,121.0966932,-8410452.915,1.78545E+13,0.562832162,2,21439896.13
432.9614679,803.2760355,-2284247.307,1.78545E+13,0.562832162,2,9187484.916
1197.950995,1509.656542,-2856947.792,1.78545E+13,0.562832162,2,10332885.89
59.59099741,230.6197988,-1566862.332,1.78545E+13,0.445780022,3,10062212.42
336.0543231,1978.974915,-1156177.942,1.78545E+13,0.562832162,2,6931346.185
57.6050522,1960.47316,-551996.383,1.78545E+13,0.397506585,4,10341977.97
700.2558017,1631.545004,-1995565.552,1.78545E+13,0.562832162,2,8610121.406
631.9846222,1808.118284,-1768511.602,1.78545E+13,0.562832162,2,8156013.506
1294.467042,1350.594395,-3192545.08,1.78545E+13,0.562832162,2,11004080.46
568.299086,1495.535741,-1849122.376,1.78545E+13,0.562832162,2,8317235.055
1450.59637,1020.584092,-4057771.496,1.78545E+13,0.562832162,2,12734533.29
1278.470898,206.7831743,-9887338.802,1.78545E+13,0.562832162,2,24393667.91
366.7805347,177.8083297,-4746812.577,1.78545E+13,0.548412007,3,16422112.91
1214.116455,1577.968754,-2801951.437,1.78545E+13,0.562832162,2,10222893.18
374.7384432,450.5118969,-2982653.801,1.78545E+13,0.562832162,2,10584297.9
1824.170685,891.4283124,-4981746.246,1.78545E+13,0.562832162,2,14582482.79
721.17505,1894.697538,-1864710.419,1.78545E+13,0.562832162,2,8348411.139
1580.322452,818.1762942,-4904939.811,1.78545E+13,0.562832162,2,14428869.92
1846.238849,1456.367931,-3653309.469,1.78545E+13,0.562832162,2,11925609.24
1332.571758,622.4388504,-5359810.441,1.78545E+13,0.562832162,2,15338611.18
1011.412531,1029.91751,-3299331.631,1.78545E+13,0.562832162,2,11217653.56
1196.493595,1645.925856,-2710077.515,1.78545E+13,0.562832162,2,10039145.33
1564.848222,1639.55318,-3131394.167,1.78545E+13,0.562832162,2,10881778.64
1095.32793,938.1119507,-3670085.958,1.78545E+13,0.562832162,2,11959162.22
1352.086524,1750.935006,-2790876.962,1.78545E+13,0.562832162,2,10200744.23
183.7275518,1862.111905,-862750.2613,1.78545E+13,0.479113961,3,8653988.278
700.4274136,1209.295542,-2390543.702,1.78545E+13,0.562832162,2,9400077.705
413.6765261,303.632715,-3994265.812,1.78545E+13,0.562832162,2,12607521.92
1009.746458,167.7569651,-9391240.613,1.78545E+13,0.562832162,2,23401471.53
1746.071793,979.6596889,-4582669.657,1.78545E+13,0.562832162,2,13784329.62
1168.884429,540.5464615,-5455409.357,1.78545E+13,0.562832162,2,15529809.02
1432.34202,1280.897164,-3484167.973,1.78545E+13,0.562832162,2,11587326.25
358.2801939,419.8601435,-3021354.787,1.78545E+13,0.562832162,2,10661699.87
908.1966604,627.4100946,-4269333.11,1.78545E+13,0.562832162,2,13157656.52
1712.061128,1509.13035,-3445121.486,1.78545E+13,0.562832162,2,11509233.27
438.5943089,1594.919801,-1521007.97,1.78545E+13,0.562832162,2,7661006.241
23.14896026,366.4094378,-981004.4739,1.78545E+13,0.374612306,6,15818989.06
467.8914054,1017.906575,-2068750.861,1.78545E+13,0.562832162,2,8756492.024
1507.630213,867.8775568,-4604043.009,1.78545E+13,0.562832162,2,13827076.32
823.9746428,335.3700197,-5919883.336,1.78545E+13,0.562832162,2,16458756.97
525.1874149,871.5555396,-2453004.289,1.78545E+13,0.562832162,2,9524998.879
954.8369172,111.5931946,-10246312.95,1.78545E+13,0.562832162,2,25111616.21
99.30877101,1375.91169,-763236.193,1.78545E+13,0.450581911,3,8454960.141
1772.179888,256.2818883,-10613525.36,1.78545E+13,0.562832162,2,25846041.02
34.42288121,234.385142,-1308680.156,1.78545E+13,0.399483286,4,11855345.52
1062.654873,1760.474262,-2437808.143,1.78545E+13,0.562832162,2,9494606.588
456.4351702,1825.769463,-1445186.992,1.78545E+13,0.562832162,2,7509364.286
1949.526784,450.7814569,-8025255.812,1.78545E+13,0.562832162,2,20669501.92
1837.782589,1821.306342,-3183306.116,1.78545E+13,0.562832162,2,10985602.53
719.5367803,420.8728087,-4751215.367,1.78545E+13,0.562832162,2,14121421.04
1845.122314,1786.473425,-3225988.695,1.78545E+13,0.562832162,2,11070967.69
642.3650108,409.3962353,-4492386.328,1.78545E+13,0.562832162,2,13603762.96
1176.654936,1624.283297,-2706521.331,1.78545E+13,0.562832162,2,10032032.96
991.3862576,735.1875417,-4058962.824,1.78545E+13,0.562832162,2,12736915.95
454.3853838,121.4314695,-6194424.752,1.78545E+13,0.534778941,3,19317337.26
1110.979583,183.2561524,-9602903.71,1.78545E+13,0.562832162,2,23824797.72
1122.27982,1516.789398,-2747162.4,1.78545E+13,0.562832162,2,10113315.1
1012.089248,1040.515062,-3278982.338,1.78545E+13,0.562832162,2,11176954.98
724.192731,1065.538012,-2641322.204,1.78545E+13,0.562832162,2,9901634.71
1032.316603,421.252701,-5934247.893,1.78545E+13,0.562832162,2,16487486.09
499.5979178,44.99587751,-6712078.766,1.78545E+13,0.562832162,2,18043147.83
1714.33808,189.751435,-12024456.54,1.78545E+13,0.562832162,2,28667903.39
320.917021,585.4650526,-2300496.054,1.78545E+13,0.562832162,2,9219982.41
1763.659109,1925.229979,-3021288.678,1.78545E+13,0.562832162,2,10661567.66
267.781679,492.9236519,-2279575.705,1.78545E+13,0.562832162,2,9178141.711
1962.860591,1539.395553,-3634007.47,1.78545E+13,0.562832162,2,11887005.24
1642.341272,658.128445,-5774335.226,1.78545E+13,0.562832162,2,16167660.75
26.51145729,1065.954984,-606053.1372,1.78545E+13,0.39354645,4,10450091.48
549.4575223,235.177,-5499057.432,1.78545E+13,0.562832162,2,15617105.17
976.6266122,536.0945057,-4935490.902,1.78545E+13,0.562832162,2,14489972.11
1536.578939,1210.056188,-3747093.254,1.78545E+13,0.562832162,2,12113176.81
1664.457048,532.0122238,-6677951.031,1.78545E+13,0.562832162,2,17974892.36
1777.460214,1889.643465,-3065790.076,1.78545E+13,0.562832162,2,10750570.45
958.3789811,1897.910153,-2201045.926,1.78545E+13,0.562832162,2,9021082.154
1785.961496,1398.835214,-3686695.921,1.78545E+13,0.562832162,2,11992382.14
1094.20134,1101.10038,-3307842.283,1.78545E+13,0.562832162,2,11234674.87
1136.009549,1935.224862,-2395936.14,1.78545E+13,0.562832162,2,9410862.583
1901.085483,954.0343108,-4860230.118,1.78545E+13,0.562832162,2,14339450.54
1167.879261,124.6961116,-11261525.47,1.78545E+13,0.562832162,2,27142041.23
1233.903085,1299.685406,-3185630.115,1.78545E+13,0.562832162,2,10990250.53
1213.215767,500.7851691,-5851216.198,1.78545E+13,0.562832162,2,16321422.7
708.6214193,930.5968267,-2840537.286,1.78545E+13,0.562832162,2,10300064.87
1031.54284,626.8039306,-4610166.823,1.78545E+13,0.562832162,2,13839323.95
431.9594571,1433.483732,-1602028.95,1.78545E+13,0.562832162,2,7823048.202
1247.056954,1041.434389,-3690262.89,1.78545E+13,0.562832162,2,11999516.08
507.9865973,374.4643817,-4064258.213,1.78545E+13,0.562832162,2,12747506.73
1199.642411,1458.329396,-2920247.88,1.78545E+13,0.562832162,2,10459486.06
800.595743,135.5513208,-8735162.792,1.78545E+13,0.562832162,2,22089315.89
560.6265368,1345.101712,-1952853.404,1.78545E+13,0.562832162,2,8524697.11
179.9482365,798.3056541,-1352481.682,1.78545E+13,0.509956564,3,9633451.119
1643.052938,1029.117154,-4304592.737,1.78545E+13,0.562832162,2,13228175.78
271.3834774,1370.400815,-1246660.88,1.78545E+13,0.562832162,2,7112312.062
1044.782355,483.7519331,-5483968.733,1.78545E+13,0.562832162,2,15586927.77
1490.914566,416.007046,-7362368.866,1.78545E+13,0.562832162,2,19343728.03
1360.985529,1647.661172,-2903767.829,1.78545E+13,0.562832162,2,10426525.96
1269.174069,91.33388215,-12541043.8,1.78545E+13,0.562832162,2,29701077.9
72.86627649,613.6042465,-1032481.526,1.78545E+13,0.456326504,3,8993450.807
1141.441639,296.6404455,-7726686.431,1.78545E+13,0.562832162,2,20072363.16
237.1630891,775.7269696,-1609025.69,1.78545E+13,0.521953836,3,10146539.13
1157.191132,1009.125931,-3611894.001,1.78545E+13,0.562832162,2,11842778.3
1058.888688,158.6480826,-9864026.655,1.78545E+13,0.562832162,2,24347043.61
1389.127256,613.6709641,-5533917.384,1.78545E+13,0.562832162,2,15686825.07
253.3279995,1278.601646,-1246336.699,1.78545E+13,0.562832162,2,7111663.699
1059.047898,1241.396168,-3008752.375,1.78545E+13,0.562832162,2,10636495.05
1995.351815,623.5348284,-6584745.825,1.78545E+13,0.562832162,2,17788481.95
307.8355272,1870.801993,-1132128.674,1.78545E+13,0.562832162,2,6883247.649
860.3071611,1659.163377,-2234266.478,1.78545E+13,0.562832162,2,9087523.259
156.0383872,891.0636053,-1177206.34,1.78545E+13,0.498805924,3,9282900.435
38.97341231,1523.467881,-558892.9916,1.78545E+13,0.398000971,4,10355771.19
801.7108057,664.2711764,-3811894.462,1.78545E+13,0.562832162,2,12242779.22
933.2562044,1832.302277,-2211661.449,1.78545E+13,0.562832162,2,9042313.199
425.7008999,635.6601417,-2618680.708,1.78545E+13,0.562832162,2,9856351.717
1363.791355,845.6158999,-4439509.091,1.78545E+13,0.562832162,2,13498008.48
138.7403363,155.512938,-2710619.486,1.78545E+13,0.562832162,2,10040229.27
1995.173908,1394.370115,-3893855.969,1.78545E+13,0.562832162,2,12406702.24
332.0300067,1168.072602,-1539326.484,1.78545E+13,0.562832162,2,7697643.27
826.0490338,297.8772668,-6336323.995,1.78545E+13,0.562832162,2,17291638.29
1215.26082,1565.85475,-2816474.204,1.78545E+13,0.562832162,2,10251938.71
1024.276453,893.1538181,-3644626.623,1.78545E+13,0.562832162,2,11908243.55
1872.703152,1489.658273,-3627071.176,1.78545E+13,0.562832162,2,11873132.65
23.44061821,662.017207,-739302.558,1.78545E+13,0.387589353,5,13026087.78
165.2178192,3.86501678,-703889.8718,1.78545E+13,0.562832162,2,6026770.045
1458.257472,829.9921226,-4658636.036,1.78545E+13,0.562832162,2,13936262.37
1608.067039,1686.875812,-3120941.747,1.78545E+13,0.562832162,2,10860873.8
1639.460261,987.2621891,-4417869.609,1.78545E+13,0.562832162,2,13454729.52
500.0365817,1812.540982,-1532952.049,1.78545E+13,0.562832162,2,7684894.399
973.8588947,278.9039132,-7268399.563,1.78545E+13,0.562832162,2,19155789.43
1421.833662,961.5763337,-4173661.197,1.78545E+13,0.562832162,2,12966312.7
15.59810794,1677.29468,-477077.4469,1.78545E+13,0.362547716,6,14811135.01
332.2035972,1784.12414,-1212570.433,1.78545E+13,0.562832162,2,7044131.167
1274.773994,953.0423955,-3956642.849,1.78545E+13,0.562832162,2,12532276
1964.734645,26.03730398,-12551553.01,1.78545E+13,0.562832162,2,29722096.32
229.4449453,18.0952186,-2749078.269,1.78545E+13,0.562832162,2,10117146.84
1040.916175,1029.231929,-3356398.259,1.78545E+13,0.562832162,2,11331786.82
218.9095549,416.8414389,-2222558.856,1.78545E+13,0.562832162,2,9064108.014
443.0288075,1521.199324,-1572140.082,1.78545E+13,0.562832162,2,7763270.466
1675.066851,1861.380887,-3004655.593,1.78545E+13,0.562832162,2,10628301.49
220.2302818,1955.107023,-922868.1449,1.78545E+13,0.488519575,3,8774224.045
182.0981437,581.6913559,-1641151.201,1.78545E+13,0.521953836,3,10210790.16
1025.268919,681.4676694,-4350416.648,1.78545E+13,0.562832162,2,13319823.6
361.2759451,1552.619862,-1374257.456,1.78545E+13,0.562832162,2,7367505.214
1858.848221,1950.69707,-3074731.474,1.78545E+13,0.562832162,2,10768453.25
1543.929378,1478.271675,-3312672.037,1.78545E+13,0.562832162,2,11244334.38
834.0970165,1236.953329,-2620893.887,1.78545E+13,0.562832162,2,9860778.076
742.3304093,1803.979954,-1950452.865,1.78545E+13,0.562832162,2,8519896.032
827.6769257,1360.514351,-2459788.144,1.78545E+13,0.562832162,2,9538566.589
317.9051728,1808.881544,-1173605.019,1.78545E+13,0.562832162,2,6966200.34
1294.542202,1250.087779,-3351518.321,1.78545E+13,0.562832162,2,11322026.94
1960.250397,1899.241524,-3201634.588,1.78545E+13,0.562832162,2,11022259.48
88.33098954,585.705526,-1142915.797,1.78545E+13,0.450581911,3,9214319.349
1029.273669,1734.312419,-2415172.276,1.78545E+13,0.562832162,2,9449334.854
53.21976698,1115.309069,-688122.8415,1.78545E+13,0.439034773,3,8304733.438
109.6685085,1860.288034,-689461.0063,1.78545E+13,0.445780022,3,8307409.768
1057.452348,772.0789097,-4083181.312,1.78545E+13,0.562832162,2,12785352.93
122.5273753,1646.143194,-761913.7089,1.78545E+13,0.456326504,3,8452315.173
1595.087328,287.5779968,-9459816.893,1.78545E+13,0.562832162,2,23538624.09
941.974978,266.3258885,-7297927.976,1.78545E+13,0.562832162,2,19214846.25
1967.765105,1120.999811,-4446802.491,1.78545E+13,0.562832162,2,13512595.28
1777.962338,1331.280715,-3794800.234,1.78545E+13,0.562832162,2,12208590.77
207.0405489,1534.760196,-1010277.998,1.78545E+13,0.479113961,3,8949043.751
565.5076449,290.0449196,-5035171.405,1.78545E+13,0.562832162,2,14689333.11
305.2341574,660.6914713,-2068952.742,1.78545E+13,0.562832162,2,8756895.785
902.4299097,1229.081273,-2757837.824,1.78545E+13,0.562832162,2,10134665.95
918.4297893,123.6475044,-9766070.723,1.78545E+13,0.562832162,2,24151131.75
1982.222219,1400.767905,-3870949.746,1.78545E+13,0.562832162,2,12360889.79
594.9750206,958.5411545,-2498986.344,1.78545E+13,0.562832162,2,9616962.99
651.3140524,982.7687616,-2603206.485,1.78545E+13,0.562832162,2,9825403.272
1950.946104,693.54774,-6073920.793,1.78545E+13,0.562832162,2,16766831.89
528.4597595,1597.895632,-1701967.28,1.78545E+13,0.562832162,2,8022924.862
831.0340155,904.7982702,-3190052.866,1.78545E+13,0.562832162,2,10999096.03
1061.183703,872.1780027,-3778552.888,1.78545E+13,0.562832162,2,12176096.08
626.0981579,1496.092816,-1961671.999,1.78545E+13,0.562832162,2,8542334.301
1294.926536,1137.765406,-3559010.322,1.78545E+13,0.562832162,2,11737010.94
224.8739456,1022.012005,-1324840.197,1.78545E+13,0.562832162,2,7268670.695
286.64187,1493.9083,-1226146.795,1.78545E+13,0.562832162,2,7071283.892
1725.913654,109.2220136,-14384805.3,1.78545E+13,0.562832162,2,33388600.91
1738.692714,1862.933387,-3058554.512,1.78545E+13,0.562832162,2,10736099.33
192.2215396,209.4392253,-2926327.979,1.78545E+13,0.534778941,3,12781143.71
1799.594597,1331.181327,-3817370.642,1.78545E+13,0.562832162,2,12253731.59
1411.353514,661.0029092,-5317010.934,1.78545E+13,0.562832162,2,15253012.17
226.4985909,88.78028773,-4125244.881,1.78545E+13,0.562832162,2,12869480.06
443.4722053,1709.075586,-1472987.746,1.78545E+13,0.562832162,2,7564965.794
1103.912756,637.1923938,-4745704.428,1.78545E+13,0.562832162,2,14110399.16
243.9375075,113.5205564,-4160452.637,1.78545E+13,0.562832162,2,12939895.58
1441.867492,1649.144491,-2991718.015,1.78545E+13,0.562832162,2,10602426.33
67.47722674,1363.546573,-671246.5883,1.78545E+13,0.441928832,3,8270980.932
1433.880579,1721.540588,-2907484.231,1.78545E+13,0.562832162,2,10433958.76
413.5190572,1175.515307,-1753918.942,1.78545E+13,0.562832162,2,8126828.185
433.1936549,1428.886432,-1607819.018,1.78545E+13,0.562832162,2,7834628.337
712.404772,43.28608094,-8411985.546,1.78545E+13,0.470604253,3,23752458.85
1807.026384,1928.287908,-3053998.357,1.78545E+13,0.562832162,2,10726987.02
1005.218695,703.3283358,-4212373.123,1.78545E+13,0.562832162,2,13043736.55
1606.169087,1521.29333,-3320762.102,1.78545E+13,0.562832162,2,11260514.51
1828.265894,264.5463815,-10603660.76,1.78545E+13,0.562832162,2,25826311.82
1309.286911,1126.651779,-3603064.356,1.78545E+13,0.562832162,2,11825119.01
1793.605308,233.9398108,-11178761.34,1.78545E+13,0.562832162,2,26976512.99
1641.388373,567.4926933,-6359356.104,1.78545E+13,0.562832162,2,17337702.51
1126.781176,1271.223678,-3070640.671,1.78545E+13,0.562832162,2,10760271.64
625.2146271,1619.286764,-1871288.332,1.78545E+13,0.562832162,2,8361566.966
317.8092578,0.821706654,-157103.8093,1.78545E+13,0.562832162,2,4933197.92
972.7331726,1059.091613,-3167598.056,1.78545E+13,0.562832162,2,10954186.41
1773.076917,1229.68387,-3985553.022,1.78545E+13,0.562832162,2,12590096.35
245.6220643,976.9582378,-1430761.497,1.78545E+13,0.521953836,3,9790010.75
189.8395413,1802.063408,-890847.334,1.78545E+13,0.479113961,3,8710182.423
1710.632286,1989.501673,-2920882.441,1.78545E+13,0.562832162,2,10460755.18
1925.612195,1596.749104,-3521783.93,1.78545E+13,0.562832162,2,11662558.16
196.2639958,26.14500812,-3024006.678,1.78545E+13,0.534778941,3,12976501.11
1212.306202,287.3223238,-8141075.484,1.78545E+13,0.562832162,2,20901141.27
1012.482204,1170.260258,-3042900.6,1.78545E+13,0.562832162,2,10704791.5
546.220086,1317.072977,-1946149.662,1.78545E+13,0.562832162,2,8511289.626
1852.895748,1517.293674,-3568013.18,1.78545E+13,0.562832162,2,11755016.66
1013.015226,783.7918,-3942811.006,1.78545E+13,0.562832162,2,12504612.31
230.9212012,256.3729585,-2984576.928,1.78545E+13,0.509956564,3,12897641.61
1386.53514,1604.102259,-2980162.228,1.78545E+13,0.562832162,2,10579314.76
1416.624113,465.6037546,-6677962.016,1.78545E+13,0.562832162,2,17974914.33
1168.994311,377.2203468,-6824158.561,1.78545E+13,0.562832162,2,18267307.42
1109.457655,1959.248294,-2348146.571,1.78545E+13,0.562832162,2,9315283.445
1979.248279,1542.191911,-3644038.799,1.78545E+13,0.562832162,2,11907067.9
641.8887373,145.7143948,-7404543.026,1.78545E+13,0.562832162,2,19428076.35
640.8025783,1086.826918,-2418472.365,1.78545E+13,0.562832162,2,9455935.032
692.6969419,447.5568565,-4466281.766,1.78545E+13,0.562832162,2,13551553.83
1779.464757,191.3626958,-12209843.25,1.78545E+13,0.562832162,2,29038676.79
981.7554719,1544.580714,-2517923.255,1.78545E+13,0.562832162,2,9654836.811
549.9416287,827.1455971,-2611127.273,1.78545E+13,0.562832162,2,9841244.847
1918.218772,1161.337066,-4294330.491,1.78545E+13,0.562832162,2,13207651.28
943.4351798,289.4111535,-6988839.876,1.78545E+13,0.562832162,2,18596670.05
276.7652773,409.0359217,-2598875.53,1.78545E+13,0.562832162,2,9816741.362
1494.258951,434.7503347,-7173202.396,1.78545E+13,0.562832162,2,18965395.09
146.7752163,612.816951,-1415977.677,1.78545E+13,0.562832162,2,7450945.657
1755.245019,329.4555334,-9207963.071,1.78545E+13,0.562832162,2,23034916.44
259.525699,1569.047108,-1128472.346,1.78545E+13,0.521953836,3,9185432.446
10.96564704,963.851033,-573035.8899,1.78545E+13,0.37961486,5,12693554.44
1372.327876,766.3958858,-4752023.473,1.78545E+13,0.562832162,2,14123037.25
1338.784911,960.5194834,-4043540.46,1.78545E+13,0.562832162,2,12706071.22
1478.795669,1367.256326,-3400640.745,1.78545E+13,0.562832162,2,11420271.79
1300.576326,521.5738804,-5928736.749,1.78545E+13,0.562832162,2,16476463.8
1695.116647,404.7257802,-8005997.07,1.78545E+13,0.562832162,2,20630984.44
1807.726798,1450.543332,-3625450.297,1.78545E+13,0.562832162,2,11869890.9
198.7345703,798.762387,-1428451.391,1.78545E+13,0.562832162,2,7475893.084
938.3035041,755.7436503,-3858066.344,1.78545E+13,0.562832162,2,12335122.99
568.2246533,1672.742978,-1732898.298,1.78545E+13,0.562832162,2,8084786.897
96.11376435,884.4653465,-944947.9242,1.78545E+13,0.441928832,3,8818383.604
1693.028445,547.6266483,-6611480.536,1.78545E+13,0.562832162,2,17841951.37
256.9860418,1584.673682,-1116447.428,1.78545E+13,0.562832162,2,6851885.158
240.6041776,1456.10443,-1126712.333,1.78545E+13,0.562832162,2,6872414.967
1737.444961,458.2429651,-7505461.203,1.78545E+13,0.562832162,2,19629912.71
305.7006864,1534.797668,-1253735.133,1.78545E+13,0.562832162,2,7126460.568
1346.796754,1591.276484,-2948772.985,1.78545E+13,0.562832162,2,10516536.27
1906.29925,1531.969831,-3595142.261,1.78545E+13,0.562832162,2,11809274.82
470.2951766,1683.535978,-1539094.546,1.78545E+13,0.562832162,2,7697179.394
1553.993451,418.5222183,-7497946.05,1.78545E+13,0.562832162,2,19614882.4
173.9843454,1388.477443,-974158.0253,1.78545E+13,0.479113961,3,8876803.806
1484.973983,1432.110011,-3311141.833,1.78545E+13,0.562832162,2,11241273.97
1869.978849,631.1075528,-6332574.463,1.78545E+13,0.562832162,2,17284139.23
1276.30661,1564.572434,-2894239.502,1.78545E+13,0.562832162,2,10407469.31
1104.06006,432.576173,-6074241.683,1.78545E+13,0.562832162,2,16767473.67
1431.984018,1347.270691,-3374797.57,1.78545E+13,0.562832162,2,11368585.44
1181.229318,786.562737,-4298850.394,1.78545E+13,0.562832162,2,13216691.09
1334.516367,627.442059,-5336165.627,1.78545E+13,0.562832162,2,15291321.56
561.6623282,391.4237093,-4229112.433,1.78545E+13,0.562832162,2,13077215.17
1061.408494,1813.909374,-2394189.259,1.78545E+13,0.562832162,2,9407368.819
939.9480858,269.482832,-7243516.992,1.78545E+13,0.562832162,2,19106024.29
30.01168429,158.8850906,-1458623.539,1.78545E+13,0.439034773,3,9845734.833
1268.157664,239.6836337,-9177581.138,1.78545E+13,0.562832162,2,22974152.58
1537.631191,372.8863569,-7997401.19,1.78545E+13,0.562832162,2,20613792.68
1574.969276,502.7643687,-6729721.653,1.78545E+13,0.562832162,2,18078433.61
723.5502906,1446.43095,-2185794.941,1.78545E+13,0.562832162,2,8990580.183
178.5443,604.5743093,-1586528.819,1.78545E+13,0.521953836,3,10101545.39
1382.382955,466.0549299,-6585577.156,1.78545E+13,0.562832162,2,17790144.61
1895.585261,697.7738716,-5966654.366,1.78545E+13,0.562832162,2,16552299.03
1889.55992,1683.581725,-3380337.537,1.78545E+13,0.562832162,2,11379665.38
1770.323179,656.3839515,-6007408.556,1.78545E+13,0.562832162,2,16633807.41
360.2938986,621.1399932,-2387132.462,1.78545E+13,0.562832162,2,9393255.225
1837.571755,1269.171237,-3974432.365,1.78545E+13,0.562832162,2,12567855.03
1408.630437,1353.542442,-3335936.36,1.78545E+13,0.562832162,2,11290863.02
1710.924891,1245.256935,-3884815.896,1.78545E+13,0.562832162,2,12388622.09
244.7520474,1453.39593,-1138497.765,1.78545E+13,0.534778941,3,9205483.285
583.333266,1962.428582,-1610394.274,1.78545E+13,0.562832162,2,7839778.849
1165.62742,1264.60106,-3139994.413,1.78545E+13,0.562832162,2,10898979.13
1848.474491,1678.681832,-3351117.559,1.78545E+13,0.562832162,2,11321225.42
581.5574192,1760.884276,-1707028.132,1.78545E+13,0.562832162,2,8033046.565
1573.60744,1677.15588,-3097745.459,1.78545E+13,0.562832162,2,10814481.22
1966.307198,749.3045739,-5792897.055,1.78545E+13,0.562832162,2,16204784.41
696.7019473,12.6201119,-4447018.356,1.78545E+13,0.562832162,2,13513027.01
1927.993302,1811.655634,-3266396.331,1.78545E+13,0.562832162,2,11151782.96
1892.734774,726.2227268,-5807036.75,1.78545E+13,0.562832162,2,16233063.8
380.2527209,1606.02892,-1390352.062,1.78545E+13,0.562832162,2,7399694.426
318.0109756,1361.853777,-1372068.73,1.78545E+13,0.562832162,2,7363127.761
722.1128741,211.7962744,-6906639.073,1.78545E+13,0.562832162,2,18432268.45
1356.307598,349.3713263,-7766176.987,1.78545E+13,0.562832162,2,20151344.28
1353.008783,568.0319958,-5735781.197,1.78545E+13,0.562832162,2,16090552.7
540.8030822,373.8455638,-4238909.961,1.78545E+13,0.562832162,2,13096810.22
1596.001755,1341.756698,-3578597.955,1.78545E+13,0.562832162,2,11776186.21
1322.170989,1771.621299,-2738813.228,1.78545E+13,0.562832162,2,10096616.76
1678.116768,1382.275885,-3602170.531,1.78545E+13,0.562832162,2,11823331.36
881.0173173,1468.852314,-2436453.934,1.78545E+13,0.562832162,2,9491898.169
1066.082482,1907.042806,-2331962.991,1.78545E+13,0.562832162,2,9282916.284
316.6823236,1744.000345,-1193901.204,1.78545E+13,0.562832162,2,7006792.709
123.8991946,1051.472918,-960871.6583,1.78545E+13,0.456326504,3,8850231.072
643.7501219,14.43375367,-4650906.583,1.78545E+13,0.562832162,2,13920803.47
1988.232473,492.9907229,-7654840.961,1.78545E+13,0.562832162,2,19928672.22
1123.560901,1392.959582,-2896029.489,1.78545E+13,0.562832162,2,10411049.28
800.194929,1305.123639,-2472789.641,1.78545E+13,0.562832162,2,9564569.584
1313.658809,533.3563149,-5877026.764,1.78545E+13,0.562832162,2,16373043.83
203.208794,1448.188751,-1031639.026,1.78545E+13,0.509956564,3,8991765.807
1510.515891,1532.541602,-3203967.94,1.78545E+13,0.562832162,2,11026926.18
1282.709447,566.3463242,-5579705.063,1.78545E+13,0.562832162,2,15778400.43
1611.349343,350.4948356,-8502318.175,1.78545E+13,0.562832162,2,21623626.65
478.2995102,83.00325757,-6818556.631,1.78545E+13,0.548412007,3,20565601.02
1244.643782,1478.14072,-2955437.448,1.78545E+13,0.562832162,2,10529865.2
