"x","y","Cluster"
742.003506085068,-236566.897528027,"2"
514.340297096178,-230325.693334531,"2"
1228.59321619811,-251322.304046308,"2"
1656.30594450229,-263307.179506887,"2"
1072.93877775895,-246195.609462671,"3"
1373.79523331217,-255080.097309471,"3"
25.0221537713157,-225065.60494912,"3"
1446.86226937581,-257612.751957226,"2"
313.841230259244,-227047.809118387,"2"
10.49585948763,-232878.991338087,"3"
1063.06475801517,-181476.718444032,"3"
1383.62246574044,-255825.850866048,"2"
1943.35633007906,-270543.026991443,"2"
1203.44644763008,-250576.637315449,"2"
1494.07967101912,-181358.062203954,"3"
1147.07725801593,-248891.618239575,"2"
1834.97509859475,-267887.670593989,"2"
624.948920516759,-233191.980354889,"2"
1137.73257592007,-248610.598260926,"2"
1800.71264384236,-267029.023325634,"2"
1804.24552644555,-267117.990785353,"2"
1669.03027311787,-263641.842888099,"2"
1211.39930220105,-250812.880576321,"2"
1662.70876965317,-263475.743163807,"2"
739.001369755111,-236477.690395787,"2"
1612.25646065252,-262138.590186469,"2"
863.162606054447,-240230.214706848,"2"
1107.08597576056,-247685.911897128,"2"
1168.22013739109,-249525.728774056,"2"
403.666527664759,-228066.34154733,"2"
13.8786049830595,-230802.490610399,"3"
1190.19241721948,-181355.292168436,"3"
43.7351018434179,-239381.965622614,"2"
115.261288533121,-231434.044621994,"2"
277.319221744057,-226967.273579382,"2"
1034.41938836055,-245477.217210945,"2"
1224.50781439796,-251201.428062048,"2"
1821.81198714897,-267558.891267275,"2"
1744.50805663748,-181525.454423753,"3"
536.233451296922,-230856.517124036,"2"
1131.5362449971,-248424.010876555,"2"
145.648899539115,-229664.58796168,"2"
1834.43895996408,-267874.306044088,"2"
1732.86725845335,-181515.771825045,"3"
1897.83562904681,-269438.940544988,"2"
397.608326308198,-227969.299924344,"2"
1743.34657590741,-265570.484611617,"2"
706.44265967173,-235517.519203717,"2"
187.232167760131,-228122.525362102,"2"
1541.49187692997,-260228.731924499,"2"
931.324039934302,-242319.142190389,"2"
1114.8464470369,-247920.492593456,"2"
717.708253155013,-182630.418538398,"3"
961.52191772393,-243245.665484806,"2"
1063.80852569025,-246372.920970288,"2"
14.7931245900578,-230272.09014129,"3"
1091.80348576832,-181440.155757268,"3"
239.547119954228,-227173.188234944,"2"
152.54425973122,-198801.536265279,"3"
973.560297960941,-243614.845824339,"2"
938.902627180549,-242551.691479437,"2"
1903.79119446983,-269584.306390892,"2"
1025.95062162157,-245218.598264248,"2"
467.280130635272,-229266.783705434,"2"
1963.20615427136,-181729.01347654,"3"
1897.98252142688,-269442.529281463,"2"
1945.65572768225,-270598.37187634,"2"
444.303421788689,-185738.188590202,"3"
1684.07051401337,-264035.740409472,"2"
1724.97854592754,-265097.920382315,"2"
1684.44372987496,-264045.491679003,"2"
855.402797879742,-239993.0644312,"2"
1013.94283765791,-244851.562136287,"2"
16.4063912754658,-229365.703030895,"3"
683.218821598361,-234842.050121595,"2"
486.547698502295,-229685.453829696,"2"
1814.37792718924,-267372.60240602,"2"
1754.17597284315,-265847.833627683,"2"
1810.26115285841,-267269.252427618,"2"
207.403903118591,-227196.281708291,"3"
793.968058422534,-238125.388524959,"2"
1123.8897662012,-248193.491074956,"2"
1506.66567355924,-259274.17126855,"2"
1339.99198901831,-181317.836145371,"3"
998.043660346534,-244365.032731841,"2"
1847.28153347877,-268193.814387244,"2"
1115.37475510776,-247936.451842072,"2"
92.9577605645692,-206502.289523486,"3"
541.558947227394,-230988.812879938,"2"
495.451564225213,-229886.1443581,"2"
1556.1982009806,-260628.930547091,"2"
1683.05766770217,-181476.06331432,"3"
1190.63438750104,-250195.250525637,"2"
894.07372183536,-181839.010620281,"3"
429.001667389958,-228507.14323918,"2"
1059.1926477004,-246232.439158495,"2"
804.839539960671,-182169.860419479,"3"
744.233343208639,-236633.222923835,"2"
1978.25958828179,-271378.742173868,"2"
307.03929941183,-227015.039026152,"2"
230.13083452278,-227280.244384515,"2"
405.940545332077,-227701.598417635,"3"
1288.97244965006,-253096.124111643,"2"
1859.09804568125,-268486.647064217,"2"
1800.79967779525,-267031.216264813,"2"
689.630937622773,-235027.671601265,"2"
1495.64312452213,-258970.054811212,"2"
1392.36612536208,-256074.716145305,"2"
649.409270854007,-182765.012859096,"4"
798.344193970233,-238257.686581931,"2"
1205.0945667328,-250625.626953644,"2"
684.157721366499,-234869.186028028,"2"
1232.76426428059,-251445.605464485,"2"
1997.48394697446,-271835.056186514,"2"
552.649676058472,-184085.534908159,"3"
1759.58652878841,-265986.050976714,"2"
247.074362923841,-192036.605913461,"3"
299.468430035373,-226494.355430861,"3"
1074.4444594629,-246696.31473223,"2"
1726.47822618912,-180653.974905017,"5"
587.07888084988,-232163.734245972,"2"
933.47905088068,-242385.268496759,"2"
1528.90710140728,-259334.531688275,"3"
574.96119291167,-231843.809236418,"2"
1951.31793489084,-270198.52954869,"3"
1838.50465078858,-267975.596535844,"2"
1533.19797204923,-260002.274026355,"2"
231.911064985727,-227258.101541991,"2"
517.735818008386,-230406.582622184,"2"
681.735011072658,-234799.196546789,"2"
1298.07149868878,-253361.311678671,"2"
1544.58183697432,-181383.570066221,"3"
1061.74408632539,-181478.543989308,"3"
124.366961137659,-230833.962819493,"2"
1890.38020967056,-268784.812216414,"3"
1694.0880435738,-264297.087565727,"2"
1049.17760011451,-245927.374380939,"2"
1336.99761898692,-254489.241873058,"2"
680.605424879548,-234766.599097162,"2"
1826.50968973915,-181597.415651495,"3"
1101.47537313325,-181429.1565747,"3"
1913.22789123146,-269814.075189574,"2"
1407.00208799572,-256490.003895516,"2"
1775.12509894826,-181551.585800266,"3"
1417.48882762467,-256786.562575176,"2"
1110.55494076733,-247790.805156667,"2"
383.40593202993,-227755.64777102,"2"
526.072394690374,-230607.463436265,"2"
43.8455562295832,-239363.194422704,"2"
1588.22869752236,-261494.596504807,"2"
1417.96536394185,-256800.018869624,"2"
1397.90856589055,-256232.170010551,"2"
116.246814963626,-231365.891137218,"2"
282.427633843821,-226963.62722529,"2"
222.200119350952,-193425.967260958,"3"
1573.32509095495,-261092.826609989,"2"
1712.35020360265,-264771.456641239,"2"
82.9394468305725,-208299.523687382,"3"
1011.4829941379,-244776.327245714,"2"
1657.68207877693,-263343.436016712,"2"
1719.35590269693,-264952.723506385,"2"
154.341917566973,-229268.852858367,"2"
1603.83922259204,-261913.517275397,"2"
28.3591913540523,-241635.226794688,"3"
331.246002195918,-227164.512134036,"2"
1194.57454862162,-250312.644174546,"2"
951.612142645658,-181682.953484767,"3"
1027.00035715245,-245250.666351523,"2"
1959.98550965289,-270942.360760357,"2"
445.846368035294,-228828.660458968,"2"
1398.5574248151,-181325.496299714,"3"
546.181142377955,-231104.58370954,"2"
1270.72670045548,-252562.653266197,"2"
1000.78330947556,-244448.908777104,"2"
368.756258931696,-227557.085880447,"2"
1517.64555172642,-259576.157911127,"2"
944.775314677457,-242731.891620815,"2"
896.740434906259,-181830.887782555,"3"
1053.64612658228,-246063.531945967,"2"
1706.49073017543,-264619.545255277,"2"
626.790322571655,-233242.967685051,"2"
1888.43705876683,-269208.973222163,"2"
737.024605558699,-236419.009124823,"2"
1101.62514981919,-181428.991213483,"3"
337.519748372709,-188013.35871621,"4"
1199.60575641211,-250462.411010959,"2"
405.896917528251,-227742.85202867,"3"
647.513907506175,-233432.083487614,"3"
1309.88176730503,-253180.668093199,"3"
527.004636433758,-230630.123975897,"2"
1161.87046048859,-249335.546575782,"2"
1989.09293123108,-271636.232167523,"2"
170.607715579453,-197139.79200694,"3"
28.4940459247914,-216872.507745131,"6"
1250.9025332675,-251980.50081827,"2"
1941.11144604306,-270488.954811747,"2"
1704.07423645947,-264556.815588624,"2"
1004.73549583262,-244569.878999862,"2"
1574.71599134827,-261130.397490049,"2"
82.9138340640673,-233832.495015461,"3"
2.72003349676456,-238500.807444262,"3"
1987.18775314079,-181246.538585401,"4"
1525.04887990537,-259779.238451882,"2"
561.891373906166,-231504.333167168,"2"
692.853431847785,-235121.21818453,"2"
366.149263192618,-227524.224626408,"2"
1710.51839463546,-264723.995157157,"2"
126.761028607149,-201633.140477958,"3"
317.968016307251,-227071.309001619,"2"
1536.13352068108,-260082.489101897,"2"
124.46119700766,-201917.42476907,"3"
455.817467442409,-229028.642552663,"2"
1842.99006166813,-268087.192317732,"2"
874.670381113586,-240582.257096268,"2"
1425.90597534686,-257023.988566213,"2"
1777.30553546531,-266437.062960677,"2"
1047.45612073626,-181499.148507603,"3"
1745.17373012461,-265617.34515872,"2"
911.983477801499,-241725.761946733,"2"
1234.2657005508,-251489.962799273,"2"
1451.63256622875,-257746.299705021,"2"
195.24264465289,-227915.5938662,"2"
1818.18603050063,-267468.083718161,"2"
259.118324111102,-227024.929155679,"2"
486.468542141007,-229683.689377237,"2"
739.530429403249,-182499.769811272,"3"
1736.73765653166,-265400.76439016,"2"
464.860680901603,-229215.811098875,"2"
511.868539167059,-229857.189210348,"3"
1020.7735156378,-245060.399377791,"2"
1159.66951066153,-181375.570482828,"3"
1518.10910866719,-259588.88645947,"2"
98.8745266254077,-232693.201599801,"2"
426.692591948716,-228464.760348211,"2"
279.501609381809,-190508.567622186,"3"
952.883696385316,-181349.024735393,"4"
1132.30042120839,-248447.032656819,"2"
313.554406669329,-189175.696679782,"3"
423.071007859646,-228399.144558841,"2"
157.636031425714,-229129.980751458,"2"
1590.49004966896,-181410.901438001,"3"
714.826035776413,-182648.528912754,"3"
1844.66368922922,-268128.791045394,"2"
671.161842384803,-182949.571582188,"3"
1028.48781334019,-245296.100870474,"2"
1435.40277780181,-181335.369985514,"3"
446.967066617519,-228850.791356538,"2"
1908.62272903861,-269210.771108365,"3"
1552.08530327979,-260517.180968016,"2"
1810.89045354421,-267285.059471595,"2"
1901.13651268901,-269519.544015906,"2"
1052.21200164778,-181492.114451361,"3"
727.851299846514,-235679.430573193,"3"
619.409798290465,-233039.122987268,"2"
1330.71611955008,-254307.956991821,"2"
231.769450876079,-192866.075334595,"3"
906.149965921072,-241546.842457146,"2"
1736.15683118345,-181518.493367393,"3"
113.777057515297,-231538.213738603,"2"
214.048187139037,-227523.239920199,"2"
1923.90305929391,-270073.163956436,"2"
1235.16172083276,-181334.00794102,"3"
1349.53858602921,-254850.323363535,"2"
1895.04522982493,-181661.850350314,"3"
1269.63750432342,-252530.736030353,"2"
289.053373370089,-226966.529395982,"2"
749.785704650331,-236798.615749741,"2"
572.906409033116,-231790.043444784,"2"
1125.20966815292,-248233.302999659,"2"
856.27057534038,-240019.574525352,"2"
1996.71305220245,-271816.812333561,"2"
1956.13289331561,-270850.033534051,"2"
1710.92545196374,-183375.227482888,"4"
1555.14263164541,-181389.527876229,"3"
628.014229385116,-182881.66958559,"4"
1835.07700018048,-181605.276272995,"3"
1295.42094639205,-181319.555576064,"3"
312.852326853252,-227042.578500832,"2"
1892.12914862789,-269299.394795267,"2"
97.4398694400902,-205759.062077215,"3"
969.340995729982,-243084.162964454,"3"
1902.09754673401,-269542.995297932,"2"
1131.25156065503,-181399.146040979,"3"
604.097387699368,-232620.796281578,"2"
816.406466107533,-182119.876600156,"3"
1564.82972238495,-181395.170137961,"3"
1570.58594334311,-261018.79180521,"2"
1994.7268709383,-271769.786866586,"2"
1189.256448789,-181355.840729504,"3"
474.077521751023,-229411.946450933,"2"
518.92587776721,-184116.200391349,"4"
870.387984575318,-240451.206510044,"2"
1651.32317712479,-181452.359218163,"3"
1528.99915565426,-259887.420791397,"2"
208.47439456899,-227626.651398004,"2"
249.146232379834,-227088.527187129,"2"
1009.99599383253,-244730.839820046,"2"
1378.22418555742,-255671.917724178,"2"
98.6881438418367,-232708.989132823,"2"
89.3278490551143,-233549.048737217,"2"
634.324043820773,-233452.439515003,"2"
910.154649066394,-241669.666121207,"2"
1214.87586540266,-250916.032335845,"2"
1298.23019418491,-181319.235510507,"3"
1140.75988915759,-248701.687291602,"2"
30.5657156121017,-222689.980023438,"3"
460.722608621539,-185435.919792958,"3"
1434.38130604701,-257262.508050499,"2"
1049.86455851235,-181495.56419635,"3"
197.816984964506,-195018.883780575,"3"
1594.12189646663,-261652.974475552,"2"
682.648189575216,-234825.565291739,"2"
1835.85496741577,-181197.805956997,"4"
434.532637284504,-185928.755433596,"3"
454.199632154339,-228995.730041438,"2"
1067.6196781516,-246488.851738713,"2"
1120.53239132842,-248092.185033824,"2"
1772.95224153393,-181549.70077467,"3"
1993.69507780158,-271745.345929216,"2"
1588.70881430901,-261507.509903125,"2"
1245.88799940989,-251832.835296491,"2"
1720.28889136098,-264976.834159602,"2"
687.9432014567,-182827.715694763,"3"
318.859026539673,-227076.732331608,"2"
848.553841298258,-239783.931216233,"2"
591.015024710734,-183657.376566781,"3"
1842.11682432917,-268065.478859297,"2"
730.61043876208,-235667.979226562,"3"
798.113759631086,-238250.716736371,"2"
1747.6678542299,-181528.107364704,"3"
38.9538205069214,-239318.215570134,"3"
747.550992518987,-182454.506333426,"3"
1816.91646792853,-181588.685021815,"3"
65.6990076852953,-236149.524777967,"2"
1742.92852757631,-181524.132175089,"3"
1273.24960382387,-181323.146651779,"3"
1599.01205639157,-261784.18493506,"2"
544.279778519076,-231056.855934831,"2"
750.524921883536,-182438.0841387,"3"
1947.02631220594,-270631.341465998,"2"
314.317369833031,-227050.383256632,"2"
1603.19399210006,-261896.240683684,"2"
882.992997270878,-240346.549053311,"3"
1623.09069906842,-262427.456131293,"2"
1055.68833853803,-181487.084450289,"3"
1041.46864634078,-245692.321978486,"2"
1781.38605899806,-266540.572267669,"2"
1154.06213413546,-181379.850839957,"3"
1387.12477768165,-181323.190751045,"3"
1726.04456190753,-265125.420187749,"2"
113.380980013956,-231566.325880763,"2"
1469.97271939705,-258258.10151001,"2"
760.320428344229,-237113.322011016,"2"
1904.41974450967,-181670.920532273,"3"
197.81492720738,-227854.417814903,"2"
1297.40327943151,-181319.326643729,"3"
1399.39371658937,-256274.322008561,"2"
1345.70883272867,-254740.177495381,"2"
1652.31789710563,-263202.02196123,"2"
713.69962399614,-235730.291113666,"2"
348.240858109806,-227320.203761446,"2"
1051.77849196573,-246006.632830216,"2"
1396.31874059317,-181325.015516478,"3"
1637.40199801217,-262383.505518591,"3"
981.513541824723,-243858.646949019,"2"
1594.1376460619,-261653.397368685,"2"
1363.64220936243,-255255.02765411,"2"
1708.17012401996,-264663.112989304,"2"
256.884208026176,-227037.110483831,"2"
837.869442898233,-239458.062711839,"2"
1291.56564179229,-181320.043362803,"3"
1082.08937456827,-246928.489861749,"2"
151.570625823737,-229057.260861372,"3"
777.467114510236,-237627.853805476,"2"
381.883986640672,-227733.955179602,"2"
300.11204561409,-189672.808202915,"3"
1877.52942095985,-268941.2154713,"2"
1784.64260656565,-266623.08490065,"2"
1610.64244564946,-262095.476219335,"2"
156.228133930595,-229188.614099899,"2"
1742.13831624374,-265539.482025127,"2"
1005.29708704232,-244587.065616634,"2"
1834.81376885285,-267883.649299473,"2"
981.862548888513,-181615.624157419,"3"
544.180242958229,-231054.361422833,"2"
756.461017077783,-236997.896546887,"2"
511.791172342009,-184621.908865228,"3"
1913.32020531742,-181679.584073234,"3"
844.993489337101,-239675.288470451,"2"
421.503863525456,-186196.186482614,"3"
290.707505556705,-226968.557646481,"2"
387.809257073175,-227819.746155784,"2"
4.18038773327591,-237337.241280401,"3"
1512.63255082568,-259051.390117743,"3"
1327.77560184689,-181317.614103429,"3"
753.944644608619,-236922.719571647,"2"
1455.01448610675,-257840.872196277,"2"
1225.76176381353,-251238.540185053,"2"
411.357772806272,-228194.353774083,"2"
1259.63434693225,-181326.324370239,"3"
1200.55275449529,-181349.517412184,"3"
697.638945113849,-182760.893799755,"3"
117.176376826436,-231302.340317233,"2"
611.71982347288,-232828.238948624,"2"
655.722796144277,-234054.564683283,"2"
435.442070007854,-185910.66586519,"3"
1672.65517504345,-181468.148347593,"3"
1319.31738838914,-253978.266846522,"2"
600.289967513051,-232517.793919556,"2"
1847.59717311902,-181616.868365106,"3"
1480.21200663029,-258542.700409385,"2"
743.230614319719,-236603.390284005,"2"
455.36243303409,-229019.367667332,"2"
380.651166604956,-227716.560092725,"2"
201.503964193189,-227770.979686012,"2"
1506.27605524529,-259263.437863696,"2"
1174.13979055177,-249702.829032886,"2"
282.343834839731,-226963.64507219,"2"
555.184177651967,-231332.514948906,"2"
1738.55616900712,-265447.499512752,"2"
1755.98722100289,-265894.129570036,"2"
1010.50802052296,-244746.503348528,"2"
1977.06021762599,-181742.982806001,"3"
1119.38421267802,-248057.527167222,"2"
1684.67292136419,-264051.479369686,"2"
1711.92366952634,-181498.724416003,"3"
1213.3834555104,-250871.76070725,"2"
1622.44374656109,-181431.987094769,"3"
1185.60734039394,-250045.341960749,"2"
152.90919241024,-229331.109852255,"2"
1284.68570476691,-252970.991516777,"2"
1452.06967407538,-257758.528035943,"2"
550.101352707338,-231203.443278306,"2"
1830.05609514545,-181600.662338473,"3"
514.947799712547,-230340.125075556,"2"
804.346606779058,-238439.368501802,"2"
1202.56585610278,-250550.455397959,"2"
1441.09932287201,-257451.179861065,"2"
338.650224910156,-227227.537768102,"2"
1297.53561151519,-181319.31188725,"3"
717.431561888542,-235840.001537203,"2"
1787.10034436543,-266685.301824984,"2"
1299.39833526804,-253399.933859805,"2"
1652.18040596081,-263198.39429231,"2"
66.1072887713831,-236097.78880262,"2"
718.825490477063,-235881.029102794,"2"
1529.0607817316,-259889.107504696,"2"
421.71004855428,-228374.761522304,"2"
28.0643253284466,-223729.304444552,"3"
1512.7117020647,-259440.576864474,"2"
141.499009241832,-199580.42167773,"4"
1144.06981966682,-248801.225888936,"2"
750.895140749225,-236831.703660932,"2"
1475.02286050888,-258398.571483537,"2"
1813.61488765709,-267353.456747037,"2"
1088.76737991481,-247131.104014614,"2"
1199.79830967309,-250468.139857865,"2"
1702.33351875176,-264511.599340977,"2"
1463.51943332896,-181345.239709903,"3"
1833.89112438811,-267860.647573869,"2"
1012.61796942881,-244811.042586691,"2"
486.356922670359,-229681.201899154,"2"
185.949684484945,-195893.901456614,"3"
1546.10778146251,-260354.528428876,"2"
1787.47847667864,-266694.869868452,"2"
941.508225004512,-242198.533100066,"3"
777.958543140306,-237252.528858179,"3"
1946.90842074373,-270628.506141405,"2"
1608.69330587622,-262043.382470842,"2"
406.159316253545,-186532.105976513,"3"
125.695718569634,-230423.481778909,"3"
1133.83350474943,-181396.806335274,"3"
144.226302980535,-229733.570974855,"2"
1425.27938993189,-257006.332856573,"2"
315.944518346381,-226730.89319153,"3"
1835.06083800933,-181605.261388489,"3"
1339.805009257,-254570.171630567,"2"
1545.30529390204,-260332.670533187,"2"
1075.6486362086,-246732.900981343,"2"
1897.2835024023,-269425.450000067,"2"
1125.18117201187,-248232.443566675,"2"
875.891267182428,-240619.627868074,"2"
1144.75252564601,-181387.355194366,"3"
658.826775852305,-183044.421141345,"3"
1991.46940322405,-181757.613947418,"3"
1320.36814744348,-254008.697095241,"2"
699.199412331174,-234905.308095473,"3"
912.930793465661,-241754.820307839,"2"
1160.65408854004,-248788.104766777,"3"
109.953923123964,-231815.202873782,"2"
1326.84730658272,-254196.161679558,"2"
38.6981990156639,-219629.157730151,"3"
1700.64830367577,-264467.801651,"2"
574.989495803297,-231844.550816472,"2"
1213.34080326692,-250870.495247599,"2"
1027.06783240093,-244892.356312303,"3"
816.70112631086,-238814.05587727,"2"
17.1897792735309,-228938.387879182,"3"
160.235700450464,-229024.488048653,"2"
798.026571078655,-182200.406808703,"3"
378.510231667267,-227686.730714727,"2"
1153.03991685698,-249070.692469927,"2"
858.437071821835,-240085.771389047,"2"
1077.47155430528,-246788.275343421,"2"
59.1047640899427,-213539.748273017,"3"
239.574171148377,-192433.437638806,"3"
1364.6153408214,-255282.897862648,"2"
310.299005094111,-227029.801609086,"2"
919.285002649247,-241949.751381718,"2"
1290.118713967,-253129.562880076,"2"
1258.61757556225,-252207.368360124,"2"
401.365194773354,-228029.077033587,"2"
1958.96176128017,-181724.753752306,"3"
119.353646846895,-231156.228518631,"2"
41.6850560682251,-239735.704754417,"2"
337.931598752385,-227221.088532606,"2"
1265.51444822214,-252409.844188389,"2"
1661.59992447842,-263446.574780674,"2"
835.868240798685,-239397.083221134,"2"
704.068084782752,-182717.969780098,"3"
745.043504866741,-182468.503493521,"3"
236.83285122674,-227201.532578761,"2"
832.011631416065,-239279.620313014,"2"
1375.54349752632,-181321.242490469,"3"
1138.27714953888,-248626.987440982,"2"
534.478070381669,-230503.896056077,"3"
1704.50030254621,-181001.873657078,"4"
417.217349144631,-228295.355722588,"2"
732.10506427064,-182542.970368096,"3"
1514.1440272184,-259479.956644573,"2"
1772.7478274149,-266321.292215473,"2"
1226.19484043061,-251251.355310276,"2"
923.286715807027,-181754.892642572,"3"
1648.15189911956,-181450.064400429,"3"
514.163178177793,-230321.489061518,"2"
59.782938719369,-236930.314706515,"2"
881.746350820911,-181877.774855037,"3"
1975.44853465454,-181741.352677179,"3"
1325.20851840041,-254148.774106987,"2"
822.266671088599,-238983.14675235,"2"
1488.30799057265,-258767.146110163,"2"
359.45977976158,-227026.42609348,"3"
254.755894371387,-227049.809937515,"2"
84.1679646218702,-234054.334696768,"2"
651.51954199746,-233935.500328752,"2"
1015.24674973315,-244891.436477859,"2"
3.0627527365065,-236994.647342334,"4"
26.2874993150014,-224499.657108848,"3"
871.876246357044,-240496.744816238,"2"
878.973484676942,-239852.690165506,"4"
234.336174832061,-192721.497102785,"3"
1286.55174915023,-253025.477916162,"2"
1703.35901428554,-264094.26849988,"3"
348.575703017573,-227323.655887988,"2"
510.235247650314,-230228.642487943,"2"
1885.03690219674,-269125.606996184,"2"
1193.5498554222,-250282.123142864,"2"
532.961756234076,-230775.83565043,"2"
1182.48704764051,-249506.023724143,"3"
1751.9541092374,-265791.006457963,"2"
238.247113380015,-227186.514848658,"2"
891.60072198765,-241100.798964745,"2"
39.5203039538651,-240120.572838017,"2"
700.961422400182,-235357.326343814,"2"
959.915081354917,-243196.37743832,"2"
514.846443416158,-230337.716040178,"2"
742.216124689915,-236573.219327501,"2"
1116.44870549003,-247968.889898503,"2"
377.551772729056,-227673.533956819,"2"
81.6845092817991,-234309.059034727,"2"
1376.49504931101,-255622.565129107,"2"
1253.51110061334,-252057.251744692,"2"
377.996061538046,-227679.639083768,"2"
320.997215007227,-227090.245379455,"2"
1001.78498317605,-244479.571663188,"2"
148.379117630556,-199219.072400342,"3"
519.069964072509,-230438.514444412,"2"
966.173484924381,-243388.333714737,"2"
312.950862173704,-226681.541742366,"3"
369.431644250151,-227565.724528833,"2"
1898.00170667096,-269442.997984871,"2"
1926.20803645037,-270128.990130802,"2"
968.08150541103,-243030.969856679,"3"
170.168976055747,-228653.127412567,"2"
1850.92168208545,-268284.140468835,"2"
857.308013222937,-240051.271172484,"2"
1390.88678751282,-256032.650951627,"2"
75.8598826839506,-205536.251003477,"4"
1626.77302215013,-262525.420958395,"2"
840.992978051043,-239553.277821199,"2"
1344.48192985063,-254704.868529299,"2"
305.215297255726,-227007.54936639,"2"
184.813702434373,-195678.283533225,"4"
261.962665068147,-227011.094915919,"2"
1802.14054940501,-267064.99375127,"2"
1617.92886258316,-262289.947037951,"2"
91.8519435850194,-206691.146297693,"3"
92.5448852644505,-206572.5411546,"3"
1881.07061887623,-269028.245959883,"2"
468.786149012318,-185295.236166579,"3"
642.603319952901,-233684.192275994,"2"
869.222736179964,-240415.556261974,"2"
1296.72557279166,-253322.121355938,"2"
45.0572198770908,-239159.16769024,"2"
1616.19740129006,-261724.854161345,"3"
1666.86643416525,-263585.023387198,"2"
1252.22674444855,-252019.468167575,"2"
758.51610782711,-182394.900922311,"3"
1729.61245525286,-181513.090584938,"3"
138.100784234663,-229554.863298374,"3"
34.0754697516326,-221313.166561806,"3"
342.662480173293,-188211.306401249,"3"
610.945873031653,-232807.102685183,"2"
573.915924003636,-183840.00890195,"3"
1524.57805073263,-259766.336066885,"2"
1580.17120793405,-261277.604082269,"2"
661.813731159393,-234227.748928305,"2"
1016.08702756784,-181550.14996767,"3"
392.295714759241,-186856.714394759,"3"
898.427031599219,-241310.036552178,"2"
663.525125711646,-234276.543742938,"2"
1175.37790236209,-249739.845105461,"2"
617.671887123193,-232991.326791681,"2"
122.405231280817,-230957.759667182,"2"
1671.69641901335,-263711.800582962,"2"
657.571923519543,-182703.694730446,"4"
1366.67569913095,-254837.300516962,"3"
1670.34705327648,-263676.401359706,"2"
35.5579084392516,-220757.944029964,"3"
418.921933866559,-228325.285445894,"2"
651.205157779972,-233926.609871322,"2"
1963.82531658012,-271034.267396205,"2"
1398.22755503227,-256241.225059296,"2"
265.727536387787,-226995.607170343,"2"
193.631560056165,-227955.191783957,"2"
1741.22089091046,-265515.934121504,"2"
1236.6037336034,-251559.007347389,"2"
1080.47699077662,-246879.54162767,"2"
209.427624596867,-227608.226333755,"2"
1935.41690052234,-270351.616411948,"2"
1480.12584858624,-258540.30908204,"2"
1922.73609074585,-270044.884449203,"2"
1602.60242813744,-261880.398126777,"2"
1862.10320042752,-181630.448910534,"3"
1778.72598765377,-266473.110157143,"2"
360.260784190924,-227452.883669088,"2"
99.5965055442795,-232632.377918284,"2"
132.704245624768,-230071.660015327,"3"
631.385831140836,-183272.761691325,"3"
1235.67351189858,-251531.541110223,"2"
1233.25835882139,-181334.715914586,"3"
586.620915569566,-232151.556964902,"2"
1060.50682900348,-246272.443518245,"2"
677.444485020043,-234675.501428275,"2"
1119.56421636794,-248062.961012785,"2"
101.51238825571,-232473.497316031,"2"
1937.77010435326,-181703.632156308,"3"
1437.389818211,-257347.043393068,"2"
1426.95091875767,-257053.425942072,"2"
231.842551312628,-227258.9369881,"2"
869.622432334988,-240427.784344841,"2"
523.888991445406,-230554.54341545,"2"
263.602214140958,-190988.989797359,"4"
658.388680338127,-234130.271061399,"2"
371.224589128251,-227588.905293045,"2"
90.2248388438284,-203147.329812494,"4"
1218.06843297522,-251010.692244102,"2"
267.37636608959,-191046.837074035,"3"
1448.32388881397,-257653.689696933,"2"
493.678458845267,-229845.833436547,"2"
1999.94044890925,-271893.161106891,"2"
284.054186310753,-226963.553827403,"2"
42.2292948765863,-218430.690704959,"3"
1826.43817813884,-181597.350288938,"3"
319.596500802767,-188595.327198606,"4"
1748.77249914005,-265709.563778682,"2"
489.008120373602,-229740.473734925,"2"
269.490183243568,-226983.264430958,"2"
634.694310183911,-233462.769846946,"2"
1864.56783001401,-268621.825370168,"2"
1738.50561123236,-265446.200553584,"2"
1994.06088918341,-181760.25600569,"3"
517.738579845343,-184538.064440658,"3"
1544.48134028863,-260310.222622238,"2"
736.257832354535,-236396.259510512,"2"
1075.68872591815,-246734.11891966,"2"
1275.00003801951,-252687.79987805,"2"
1397.29179661502,-256214.659792348,"2"
744.437015063621,-236639.283839865,"2"
1543.05229106191,-180893.924315321,"4"
1776.56386885386,-181552.836464758,"3"
59.0997922246267,-237024.370992954,"2"
568.108354112228,-231665.063301429,"2"
1979.66119981551,-181745.616301128,"3"
1537.14624033242,-260110.146210935,"2"
242.586228391564,-227143.79406815,"2"
1581.58638371472,-261315.753104575,"2"
1176.68817397321,-249779.009094143,"2"
1934.17989139789,-270321.749635965,"2"
1357.7876407453,-255087.20743531,"2"
741.256506720819,-236544.691060167,"2"
1449.90312776817,-257697.903219411,"2"
802.796076773107,-238392.413282182,"2"
1763.84703924727,-266094.724909134,"2"
308.592027338947,-227021.852321242,"2"
968.73092452608,-243466.763312033,"2"
435.427030080348,-185910.964427646,"3"
362.817648235301,-187621.677877751,"3"
574.109606958843,-183837.868799913,"3"
903.606992552201,-241468.859221713,"2"
1214.92261034299,-250917.418780968,"2"
606.677653550569,-232690.835863698,"2"
1623.40640529824,-262435.859470784,"2"
311.89602951463,-227037.66963839,"2"
1392.15904719496,-256068.828835532,"2"
919.300679135701,-181765.755224099,"3"
1757.04345949332,-265921.115185195,"2"
469.374298280893,-229311.2011351,"2"
1957.52075899447,-270883.306638825,"2"
638.984648575037,-233582.703920761,"2"
1164.16224220181,-181372.268514327,"3"
597.428027819854,-232440.64748808,"2"
172.112864101257,-196698.431589052,"4"
652.851358358279,-233973.18601976,"2"
517.957664156841,-230411.886550256,"2"
1753.72529097067,-265836.310017662,"2"
1171.22773732466,-181367.301309126,"3"
2.07192288986617,-238812.787124246,"4"
744.031185684088,-236627.207532348,"2"
1669.79794271997,-263661.991822531,"2"
957.562565305677,-243124.212477189,"2"
948.963613647119,-181689.30236873,"3"
585.115783345906,-232111.582364905,"2"
1940.46278223058,-181706.302034488,"3"
1330.63204347754,-254305.52862347,"2"
1953.84764063897,-270795.213885955,"2"
851.421507228018,-239871.473778838,"2"
1757.33521024507,-265928.567493245,"2"
557.842684840071,-231400.417091845,"2"
1740.61647423128,-265500.416650492,"2"
1119.73206490188,-247577.97532255,"3"
1578.3976829933,-181403.349140118,"3"
1886.25249090304,-181653.395658208,"3"
1890.52760123951,-269260.184990288,"2"
1033.69684506022,-245455.16048031,"2"
690.028911762443,-235039.215219769,"2"
879.121111870492,-240718.510234727,"2"
271.65416236023,-190852.707176269,"3"
1287.69545046758,-253058.860926379,"2"
1449.47339925559,-257685.87413737,"2"
526.463380651454,-230616.962615139,"2"
558.617606185034,-184014.473689047,"3"
43.3840542519688,-239441.817738351,"2"
859.345527587853,-240113.533931276,"2"
1393.97634056923,-181324.527647355,"3"
1406.66532130392,-256480.466504659,"2"
442.106370012072,-228755.456362795,"2"
1309.35831514983,-181318.255716707,"3"
1683.23548371547,-180991.038259713,"4"
1109.7456545524,-247766.339241376,"2"
1154.29647490696,-249108.406044301,"2"
1177.97511036706,-249817.466095648,"2"
737.814474630237,-182509.641108175,"3"
1334.81310141455,-254426.228597804,"2"
444.914595678464,-185726.541039,"3"
1624.3728675566,-181433.310270321,"3"
1340.9990615955,-254604.575795575,"2"
368.841783676431,-187456.449419586,"3"
6.87674107495279,-235329.02257458,"3"
1155.31074148501,-180906.354772794,"4"
1752.52853826249,-181161.227262874,"4"
735.073341904428,-182131.061266423,"4"
1290.41523960935,-253138.211641531,"2"
1424.01304601046,-256970.641083986,"2"
1548.4990107266,-181385.756021916,"3"
746.770461352777,-182458.848524387,"3"
461.183816301235,-229139.064920384,"2"
874.047233210068,-240563.184328376,"2"
649.142697475481,-233868.338186112,"2"
1139.41800799421,-248661.317147426,"2"
650.491686026733,-233906.441472422,"2"
1559.03563990639,-260705.946667788,"2"
1212.03189231802,-250831.65542873,"2"
1896.03409411537,-181662.804410346,"3"
130.174009954113,-201221.779410094,"3"
1227.73695454053,-251296.978276161,"2"
1472.37458576139,-181348.738378325,"3"
90.7369572695198,-233416.457064562,"2"
309.227728073159,-227024.756814107,"2"
618.352480397225,-233010.035125577,"2"
1044.55969882646,-181503.519803817,"3"
1963.12103791155,-181728.927959173,"3"
1780.46512676979,-266517.22286969,"2"
1236.10380199865,-181333.663554255,"3"
2.25513684853541,-238883.559853105,"3"
951.748031450065,-242945.830331731,"2"
1370.3070099525,-255445.76568444,"2"
245.551453615766,-227117.448238716,"2"
1490.35855928545,-258823.912664112,"2"
1410.52350275896,-256589.680525135,"2"
626.67168279179,-183314.548747556,"3"
175.446227616621,-228220.02286697,"3"
375.731432998794,-227648.740778913,"2"
149.773581263869,-199077.730773076,"3"
697.681845554781,-182760.603762927,"3"
818.691981417122,-182110.272981366,"3"
283.069861751971,-190357.015904038,"3"
1892.66226837658,-269312.442426912,"2"
1209.46508454301,-250755.459116206,"2"
616.94647069287,-232971.399744902,"2"
823.774349082389,-239028.98244414,"2"
1376.21954874039,-255181.896400231,"3"
673.35094439232,-234557.794749492,"2"
1818.9073230348,-267486.155883752,"2"
406.977451895132,-228120.800440881,"2"
1694.72320646925,-181485.100397853,"3"
659.294674153042,-234156.032817602,"2"
1360.9860165108,-181319.366460813,"3"
1493.1709135046,-258453.883526252,"3"
1221.26716636857,-181339.556359962,"3"
1666.41980214878,-263157.300268457,"3"
284.508961811409,-226963.625735095,"2"
1106.37994248035,-247664.556342464,"2"
1002.17283896212,-180770.962908316,"5"
1623.68025463402,-262443.148032751,"2"
1023.44327320204,-245141.989436552,"2"
449.141891916343,-228893.991793173,"2"
897.48448058111,-241281.14125357,"2"
1742.46094825354,-265547.761543009,"2"
1745.7758408492,-265632.78148673,"2"
608.656576552601,-232744.679175953,"2"
1214.06942251542,-250892.11129212,"2"
964.775490647364,-243345.458106998,"2"
50.5472348634653,-215864.658517099,"3"
141.442726627494,-199946.438810162,"3"
1712.37067686578,-264771.986943785,"2"
370.56525282526,-187410.057110029,"3"
171.966370327224,-197023.754942627,"3"
88.731330456641,-233231.75185549,"3"
246.332435076419,-192075.067633235,"3"
787.853359316132,-237940.768085975,"2"
991.99102410774,-244179.67367012,"2"
1656.43925773425,-181456.090403779,"3"
241.853964412353,-192310.908137778,"3"
267.101822452868,-191059.458575066,"3"
1803.66512065814,-266674.023721068,"3"
663.358310480051,-234271.784998569,"2"
1157.08093415375,-248747.073122423,"3"
1515.8472154222,-259526.762328416,"2"
71.3375737371675,-235458.102082258,"2"
183.619877338568,-228224.308452484,"2"
1670.47115619429,-263679.657682799,"2"
1750.29391833208,-265748.519076965,"2"
1172.53032831889,-249654.697682857,"2"
640.167046343423,-233615.832277701,"2"
42.9739081925187,-239512.120443629,"2"
538.809746454524,-230920.369483112,"2"
1850.11457376826,-268264.122016715,"2"
773.654556217532,-237513.217005637,"2"
1606.79310430785,-261992.567347626,"2"
125.925985736388,-201735.688142396,"3"
1915.21401335663,-269862.345877567,"2"
744.355885695558,-236636.86951684,"2"
1176.5144357556,-249773.81662323,"2"
1877.35393930647,-268936.900179578,"2"
1021.87357238751,-245094.020392916,"2"
129.296152324093,-230535.522586849,"2"
397.265728606046,-227963.914723106,"2"
1204.64966883887,-250612.404168453,"2"
791.287116606051,-182231.454820961,"3"
1382.96107913091,-255807.00296592,"2"
69.4987314222407,-235678.216056054,"2"
1180.485411079,-249892.453203855,"2"
1291.64534158027,-253174.083556021,"2"
1422.27241258744,-256921.561508083,"2"
1755.76526169875,-265888.457645361,"2"
758.243063153998,-237051.174554933,"2"
1154.87631305329,-249125.80610089,"2"
1007.18855047707,-181566.144369713,"3"
1187.81068232291,-180827.68083868,"4"
213.961963436745,-193935.980083954,"3"
1102.85361173114,-247557.860579103,"2"
148.326892322812,-199224.396800179,"3"
1151.06482438451,-249011.396182246,"2"
1216.62177476781,-181341.611127342,"3"
89.0572677300888,-233574.768591,"2"
745.335477273252,-236666.026036626,"2"
922.641982175616,-181756.636882667,"3"
1052.15601845364,-181492.196222145,"3"
416.784961240566,-186296.997876354,"3"
1350.39881325811,-181318.417081914,"3"
1194.1439837814,-250299.820327677,"2"
789.016592329536,-181838.406245914,"4"
1715.31464092799,-264848.207104141,"2"
616.775417012449,-183404.860162321,"3"
1523.22656484002,-259729.290819249,"2"
698.794854206893,-235294.133501507,"2"
941.235626900552,-242623.279151739,"2"
1723.55692213534,-265061.232866838,"2"
1877.40872016323,-181644.944761133,"3"
1278.1135367751,-252778.902484146,"2"
138.75103082978,-230010.742256835,"2"
110.636986731002,-231764.781657952,"2"
1640.97932146376,-181444.925749064,"3"
1996.38192094326,-271808.974452019,"2"
76.2481123960095,-234894.452425434,"2"
1821.01523234432,-267538.946464824,"2"
1959.46374179448,-181725.257047511,"3"
464.329643590076,-229204.673130626,"2"
1476.81311386487,-258448.319685477,"2"
1809.10540721247,-267240.213732243,"2"
1369.66949826163,-181320.407435753,"3"
481.748013301321,-185079.130131143,"3"
850.180079443837,-239833.572197828,"2"
1702.43218492302,-264514.162907273,"2"
1952.18966302164,-270755.416404221,"2"
1530.47380476026,-259927.773857096,"2"
890.553339443139,-181487.976664542,"4"
577.271470690295,-183803.16789441,"3"
271.752058327766,-226977.318856712,"2"
1630.31517700041,-181437.420641067,"3"
628.206722575793,-233282.244348641,"2"
190.75827080098,-195530.653626594,"3"
1938.90656789758,-270435.808336459,"2"
1820.31953814116,-181591.773349109,"3"
1710.88259715761,-181497.889946842,"3"
323.556448336115,-227107.333495439,"2"
681.082714636657,-234780.369922213,"2"
1896.47876523226,-269004.937775375,"3"
1160.41797359913,-249292.011281841,"2"
1899.00973851036,-268941.456599334,"3"
1192.1138492162,-250239.340509653,"2"
1741.03735750816,-181522.552498856,"3"
923.695987820285,-181753.787955102,"3"
988.225756976026,-244064.329029942,"2"
791.590873967832,-238053.580881291,"2"
119.174516737512,-231168.106141873,"2"
1599.93583660413,-181416.967481394,"3"
449.129805678235,-228893.750795937,"2"
160.409141110524,-228627.829321965,"3"
1357.3281569436,-255074.025757638,"2"
1235.07795861591,-181334.038754023,"3"
960.971901456266,-243228.794562095,"2"
1980.32568866038,-181746.289636701,"3"
510.768523861198,-230241.203651015,"2"
318.911647193831,-188987.186664598,"3"
558.871314739819,-231426.760973701,"2"
1832.53386569281,-267826.798597076,"2"
1765.20511610942,-181543.01704548,"3"
226.213626311566,-227332.199454365,"2"
1556.3867076452,-260634.049141373,"2"
1704.01114261782,-181492.413739486,"3"
49.7053290769952,-238407.410572758,"2"
1178.9196120402,-249326.216646372,"3"
600.886209043072,-232533.896403018,"2"
379.709670775271,-187170.224915986,"3"
828.787615410042,-239181.48072993,"2"
1572.02577216243,-261057.715560835,"2"
46.3601810720231,-217114.343217895,"3"
1470.7033996623,-258278.43773559,"2"
1042.05295949186,-245710.144983406,"2"
1884.11169333542,-181651.345042587,"3"
923.038433137291,-181755.563757263,"3"
1867.268465111,-268688.481208183,"2"
1441.71471984378,-257468.445574549,"2"
1438.90773702731,-181336.494212228,"3"
585.194176954043,-232113.662631314,"2"
299.656302469328,-226988.216691943,"2"
676.088525519669,-234636.477955953,"2"
118.805669709907,-231192.643853252,"2"
1655.4043190557,-181455.332742582,"3"
1427.36639570727,-181332.910318133,"3"
460.483859434861,-229124.554259778,"2"
340.213589937528,-227241.810053283,"2"
597.212762862044,-232434.85458005,"2"
518.470678514804,-230424.160637809,"2"
1604.62081732858,-261934.440665892,"2"
1603.68342118066,-261909.345866515,"2"
1419.84213157277,-256852.997658127,"2"
407.096540572455,-228122.777638573,"2"
1580.60472180705,-261289.292056765,"2"
1472.94672373306,-257870.803915142,"3"
243.13942093471,-227138.705651704,"2"
970.023446061134,-243506.398536731,"2"
1312.10528913053,-253769.191694233,"2"
1900.54336687507,-269505.066397521,"2"
1054.42708708817,-181488.898573146,"3"
1815.97012037414,-181587.827928096,"3"
36.4555995138293,-220428.860018926,"3"
396.037205226814,-227944.695583554,"2"
360.615746130958,-187683.287610124,"3"
1929.80161567102,-270215.943854388,"2"
1736.04290389557,-265382.902508298,"2"
944.931333086985,-242736.678837641,"2"
238.502767467561,-192491.610340251,"3"
1921.8625768041,-270023.70940089,"2"
244.411780268354,-227127.304737717,"2"
1990.98509548603,-271681.113661092,"2"
70.5424468842976,-235552.658454838,"2"
1306.53923911033,-253607.584098648,"2"
